/*
 Navicat Premium Data Transfer

 Source Server         : 10.18.12.8
 Source Server Type    : MySQL
 Source Server Version : 50637
 Source Host           : 10.18.12.8:3306
 Source Schema         : telcom

 Target Server Type    : MySQL
 Target Server Version : 50637
 File Encoding         : 65001

 Date: 05/12/2019 16:12:16
*/

SET NAMES utf8mb4;
SET FOREIGN_KEY_CHECKS = 0;

-- ----------------------------
-- Table structure for sys_dept
-- ----------------------------
DROP TABLE IF EXISTS `sys_dept`;
CREATE TABLE `sys_dept`  (
  `dept_id` bigint(20) NOT NULL COMMENT '主键id',
  `pid` bigint(20) NULL DEFAULT 0 COMMENT '父部门id',
  `pids` varchar(512) CHARACTER SET utf8 COLLATE utf8_bin NULL DEFAULT '' COMMENT '父级ids',
  `simple_name` varchar(45) CHARACTER SET utf8 COLLATE utf8_bin NULL DEFAULT NULL COMMENT '简称',
  `full_name` varchar(255) CHARACTER SET utf8 COLLATE utf8_bin NULL DEFAULT NULL COMMENT '全称',
  `description` varchar(255) CHARACTER SET utf8 COLLATE utf8_bin NULL DEFAULT NULL COMMENT '描述',
  `version` int(11) NULL DEFAULT NULL COMMENT '版本（乐观锁保留字段）',
  `sort` int(11) NULL DEFAULT NULL COMMENT '排序',
  `create_time` datetime(0) NULL DEFAULT NULL COMMENT '创建时间',
  `update_time` datetime(0) NULL DEFAULT NULL COMMENT '修改时间',
  `create_user` bigint(20) NULL DEFAULT NULL COMMENT '创建人',
  `update_user` bigint(20) NULL DEFAULT NULL COMMENT '修改人',
  PRIMARY KEY (`dept_id`) USING BTREE
) ENGINE = InnoDB CHARACTER SET = utf8 COLLATE = utf8_bin COMMENT = '部门表' ROW_FORMAT = Compact;

-- ----------------------------
-- Records of sys_dept
-- ----------------------------
INSERT INTO `sys_dept` VALUES (1191286185426980865, 0, '[0],', '研发部', '研发技术部', '1', NULL, 1, '2019-11-04 17:28:54', '2019-11-04 17:29:13', 1, 1);

-- ----------------------------
-- Table structure for sys_dict
-- ----------------------------
DROP TABLE IF EXISTS `sys_dict`;
CREATE TABLE `sys_dict`  (
  `dict_id` bigint(20) NOT NULL COMMENT '字典id',
  `dict_type_id` bigint(20) NOT NULL COMMENT '所属字典类型的id',
  `code` varchar(50) CHARACTER SET utf8 COLLATE utf8_bin NOT NULL COMMENT '字典编码',
  `name` varchar(255) CHARACTER SET utf8 COLLATE utf8_bin NOT NULL COMMENT '字典名称',
  `parent_id` bigint(20) NOT NULL COMMENT '上级代码id',
  `parent_ids` varchar(255) CHARACTER SET utf8 COLLATE utf8_bin NULL DEFAULT NULL COMMENT '所有上级id',
  `status` varchar(10) CHARACTER SET utf8 COLLATE utf8_bin NOT NULL DEFAULT 'ENABLE' COMMENT '状态（字典）',
  `sort` int(11) NULL DEFAULT NULL COMMENT '排序',
  `description` varchar(1000) CHARACTER SET utf8 COLLATE utf8_bin NULL DEFAULT NULL COMMENT '字典的描述',
  `create_time` datetime(0) NULL DEFAULT NULL COMMENT '创建时间',
  `update_time` datetime(0) NULL DEFAULT NULL COMMENT '更新时间',
  `create_user` bigint(20) NULL DEFAULT NULL COMMENT '创建人',
  `update_user` bigint(20) NULL DEFAULT NULL COMMENT '修改人',
  PRIMARY KEY (`dict_id`) USING BTREE
) ENGINE = InnoDB CHARACTER SET = utf8 COLLATE = utf8_bin COMMENT = '基础字典' ROW_FORMAT = Compact;

-- ----------------------------
-- Records of sys_dict
-- ----------------------------
INSERT INTO `sys_dict` VALUES (1106120532442595330, 1106120208097067009, 'M', '男', 0, '[0]', 'ENABLE', NULL, '', '2019-03-14 17:11:00', NULL, 1, NULL);
INSERT INTO `sys_dict` VALUES (1106120574163337218, 1106120208097067009, 'F', '女', 0, '[0]', 'ENABLE', NULL, '', '2019-03-14 17:11:10', NULL, 1, NULL);
INSERT INTO `sys_dict` VALUES (1106120645697191938, 1106120265689055233, 'ENABLE', '启用', 0, '[0]', 'ENABLE', NULL, '', '2019-03-14 17:11:27', NULL, 1, NULL);
INSERT INTO `sys_dict` VALUES (1106120699468169217, 1106120265689055233, 'DISABLE', '禁用', 0, '[0]', 'ENABLE', NULL, '', '2019-03-14 17:11:40', NULL, 1, NULL);
INSERT INTO `sys_dict` VALUES (1106120784318939137, 1106120322450571266, 'ENABLE', '启用', 0, '[0]', 'ENABLE', NULL, '', '2019-03-14 17:12:00', NULL, 1, NULL);
INSERT INTO `sys_dict` VALUES (1106120825993543682, 1106120322450571266, 'FREEZE', '冻结', 0, '[0]', 'ENABLE', 1, '', '2019-03-14 17:12:10', '2019-03-16 10:56:36', 1, 1);
INSERT INTO `sys_dict` VALUES (1106120875872206849, 1106120322450571266, 'DELETED', '已删除', 0, '[0]', 'ENABLE', -1221, '', '2019-03-14 17:12:22', '2019-03-16 10:56:53', 1, 1);
INSERT INTO `sys_dict` VALUES (1106120935070613505, 1106120388036902914, 'Y', '删除', 0, '[0]', 'ENABLE', 23333, '', '2019-03-14 17:12:36', '2019-03-16 10:58:53', 1, 1);
INSERT INTO `sys_dict` VALUES (1106120968910258177, 1106120388036902914, 'N', '未删除', 0, '[0]', 'ENABLE', 1212211221, '', '2019-03-14 17:12:44', '2019-03-16 10:59:03', 1, 1);
INSERT INTO `sys_dict` VALUES (1106751061042974722, 1106120322450571266, '11212', '122', 0, '[0]', 'ENABLE', 1212, '122112', '2019-03-16 10:56:30', NULL, 1, NULL);
INSERT INTO `sys_dict` VALUES (1106751747772166145, 1106120388036902914, '12312', '3123123', 1106120968910258177, '[0],[1106120968910258177]', 'ENABLE', 123, '', '2019-03-16 10:59:14', NULL, 1, NULL);
INSERT INTO `sys_dict` VALUES (1192261539558637569, 1192261339146403841, 'policy', '政策', 0, '[0]', 'ENABLE', 0, '', '2019-11-07 10:04:37', '2019-11-08 11:14:33', 1, 1);
INSERT INTO `sys_dict` VALUES (1192261593941983234, 1192261339146403841, 'standard', '标准', 0, '[0]', 'ENABLE', 1, '', '2019-11-07 10:04:50', '2019-11-08 11:14:21', 1, 1);
INSERT INTO `sys_dict` VALUES (1192261659603812354, 1192261339146403841, 'technology', '技术', 0, '[0]', 'ENABLE', 2, '', '2019-11-07 10:05:05', '2019-11-08 11:14:47', 1, 1);
INSERT INTO `sys_dict` VALUES (1192261750418882561, 1192261339146403841, 'industry', '行业', 0, '[0]', 'ENABLE', 3, '', '2019-11-07 10:05:27', '2019-11-08 11:14:59', 1, 1);
INSERT INTO `sys_dict` VALUES (1192261822229561346, 1192261339146403841, 'patent', '专利', 0, '[0]', 'ENABLE', 4, '', '2019-11-07 10:05:44', '2019-11-08 11:15:12', 1, 1);
INSERT INTO `sys_dict` VALUES (1192262394714308610, 1192262134399025153, 'source_C114', 'C114', 0, '[0]', 'ENABLE', 0, '', '2019-11-07 10:08:01', '2019-11-07 10:08:43', 1, 1);
INSERT INTO `sys_dict` VALUES (1192262457104580609, 1192262134399025153, 'source_sina', '新浪', 0, '[0]', 'ENABLE', 1, '', '2019-11-07 10:08:16', '2019-11-07 10:08:49', 1, 1);
INSERT INTO `sys_dict` VALUES (1192262528369999873, 1192262134399025153, 'source_leifeng', '雷锋网', 0, '[0]', 'ENABLE', 2, '', '2019-11-07 10:08:33', '2019-11-07 10:08:53', 1, 1);
INSERT INTO `sys_dict` VALUES (1192262724516626434, 1192262134399025153, 'source_toutiao', '头条网', 0, '[0]', 'ENABLE', 3, '', '2019-11-07 10:09:19', NULL, 1, NULL);
INSERT INTO `sys_dict` VALUES (1192262802253856770, 1192262134399025153, 'source_other', '其他', 0, '[0]', 'ENABLE', 5, '', '2019-11-07 10:09:38', NULL, 1, NULL);

-- ----------------------------
-- Table structure for sys_dict_type
-- ----------------------------
DROP TABLE IF EXISTS `sys_dict_type`;
CREATE TABLE `sys_dict_type`  (
  `dict_type_id` bigint(20) NOT NULL COMMENT '字典类型id',
  `code` varchar(255) CHARACTER SET utf8 COLLATE utf8_bin NOT NULL COMMENT '字典类型编码',
  `name` varchar(255) CHARACTER SET utf8 COLLATE utf8_bin NOT NULL COMMENT '字典类型名称',
  `description` varchar(1000) CHARACTER SET utf8 COLLATE utf8_bin NULL DEFAULT NULL COMMENT '字典描述',
  `system_flag` char(1) CHARACTER SET utf8 COLLATE utf8_bin NOT NULL COMMENT '是否是系统字典，Y-是，N-否',
  `status` varchar(10) CHARACTER SET utf8 COLLATE utf8_bin NOT NULL DEFAULT 'ENABLE' COMMENT '状态(字典)',
  `sort` int(11) NULL DEFAULT NULL COMMENT '排序',
  `create_time` datetime(0) NULL DEFAULT NULL COMMENT '添加时间',
  `create_user` bigint(20) NULL DEFAULT NULL COMMENT '创建人',
  `update_time` datetime(0) NULL DEFAULT NULL COMMENT '修改时间',
  `update_user` bigint(20) NULL DEFAULT NULL COMMENT '修改人',
  PRIMARY KEY (`dict_type_id`) USING BTREE
) ENGINE = InnoDB CHARACTER SET = utf8 COLLATE = utf8_bin COMMENT = '字典类型表' ROW_FORMAT = Compact;

-- ----------------------------
-- Records of sys_dict_type
-- ----------------------------
INSERT INTO `sys_dict_type` VALUES (1106120208097067009, 'SEX', '性别', '', 'Y', 'ENABLE', 4, '2019-03-14 17:09:43', 1, NULL, NULL);
INSERT INTO `sys_dict_type` VALUES (1106120265689055233, 'STATUS', '状态', '', 'Y', 'ENABLE', 3, '2019-03-14 17:09:57', 1, NULL, NULL);
INSERT INTO `sys_dict_type` VALUES (1106120322450571266, 'ACCOUNT_STATUS', '账号状态', '', 'Y', 'ENABLE', 21112, '2019-03-14 17:10:10', 1, '2019-03-16 10:56:15', 1);
INSERT INTO `sys_dict_type` VALUES (1106120388036902914, 'DEL_FLAG', '是否删除', '', 'Y', 'ENABLE', 2, '2019-03-14 17:10:26', 1, '2019-03-27 16:26:31', 1);
INSERT INTO `sys_dict_type` VALUES (1192261339146403841, 'CATEGORY', '数据分类', '文章分类', 'N', 'ENABLE', 0, '2019-11-07 10:03:49', 1, '2019-11-07 10:07:24', 1);
INSERT INTO `sys_dict_type` VALUES (1192262134399025153, 'SOURCE', '数据来源', '', 'N', 'ENABLE', 1, '2019-11-07 10:06:59', 1, '2019-11-07 10:07:08', 1);

-- ----------------------------
-- Table structure for sys_file_info
-- ----------------------------
DROP TABLE IF EXISTS `sys_file_info`;
CREATE TABLE `sys_file_info`  (
  `file_id` varchar(50) CHARACTER SET utf8 COLLATE utf8_bin NOT NULL COMMENT '主键id',
  `file_data` text CHARACTER SET utf8 COLLATE utf8_bin NULL COMMENT 'base64编码的文件',
  `create_time` datetime(0) NULL DEFAULT NULL COMMENT '创建时间',
  `update_time` datetime(0) NULL DEFAULT NULL COMMENT '修改时间',
  `create_user` bigint(20) NULL DEFAULT NULL COMMENT '创建用户',
  `update_user` bigint(20) NULL DEFAULT NULL COMMENT '修改用户',
  PRIMARY KEY (`file_id`) USING BTREE
) ENGINE = InnoDB CHARACTER SET = utf8 COLLATE = utf8_bin COMMENT = '文件信息表' ROW_FORMAT = Compact;

-- ----------------------------
-- Records of sys_file_info
-- ----------------------------
INSERT INTO `sys_file_info` VALUES ('1', '/9j/4AAQSkZJRgABAQAAAQABAAD/2wBDAAMCAgICAgMCAgIDAwMDBAYEBAQEBAgGBgUGCQgKCgkICQkKDA8MCgsOCwkJDRENDg8QEBEQCgwSExIQEw8QEBD/2wBDAQMDAwQDBAgEBAgQCwkLEBAQEBAQEBAQEBAQEBAQEBAQEBAQEBAQEBAQEBAQEBAQEBAQEBAQEBAQEBAQEBAQEBD/wAARCABjAGQDASIAAhEBAxEB/8QAHAAAAgIDAQEAAAAAAAAAAAAAAAkHCAUGCgQD/8QAPBAAAQMDAgMGBAQEBAcAAAAAAQIDBAUGEQAHCBIhCRMUMUFhIjJRcSNygZEVFiRCF0OCoRhSYnODosH/xAAXAQEBAQEAAAAAAAAAAAAAAAAAAQID/8QAGhEBAQEBAQEBAAAAAAAAAAAAAAECEQMxIf/aAAwDAQACEQMRAD8Aahozo0aA0Z0aXp2jXaFyNmi/sxs1UWzd77eKnU0YUKYhQ+RHp3pHr6aCynETxqbC8NENxF9XQmXW+TmaodN5X5q/pzJyA2PdZHtnS79yu2m3cq0txna3bi37fg5IQ7UlOTpJHocgobH25T99LwrNaq1xVORWq7UpE+fLcLr8iQ4VuOLJySSepOdeLQWorfad8a1alKkDeBUBBJKWYdIhNoT7D8HJ/UnWWsrtVeMi05okVO+4FzR/WLVqTHKD/rZQhz/21Vm0rTrl73JS7Ut2EuTUKxOYp0ZABwXnlhCAT6ZJ/YH6ax9QgyaZOkU6Y2W34rqmXUn+1STgj9xoG88PnbH2Td0+Lbm/FoC1ZUhSWxWKatT0EKPq42rLjY9wV/ppiVAuCh3TR4twW3VotSps5oPRpUV0ONOoPkUqHQ65bghRSVhJKU+Zx0Grb8CfHXd3DPd0W2bknyalt/UnktzILiirwRUcd+zn5SPUeRGgfVo14aHW6XclGhXBRJjcuBUWESYz7ZylxtYykj9Dr3aA0aNGgNGjRoIY4vN94XDtsRcW4TjyE1BLBiUpsnq5LcBCAPt5/prnWr1drV316fcVdmuzajUX1yZL7qsqWtRySTpkfbJbk1m59xrR2OoKHnm6ZEVVZTDYzzvODKTj1AbGdLcpUXvIlRl5GI7KUn/WoJ/+6DKV2iQaZb1ux47KnatVkOTninr+EpXIygD65Q4T906sTuNwiVjafZzbmiVCiO1Ddfd+qpVApyUkqgU9tKcNY9HFuOslR/tSCPrqNrbtG8axvXT27M29n3q5ShBcbp0ZtZQ7iO2oJKkj4RzEn99NR4TNnOIq6t2Le3S4l7DplCh2LRZsa1ozK8uNPy3G+bnSpSlZShLnxE+a/YaDG8PHBLb2y+7G19nOMMzZ1pUGXeFyzwjIl1eQoRoqAT5NtJRL5B9cnzOl+do1sRK2Q4mLiEaGpqhXS8qt0tYThHK8eZxsfkWVJx9ANPmj2vCj3hPvJLqzLqFNiUxaD8qW47shxJHuTKXn7DUGcc/DRZHEZs3Oj3FITTarbrTs+l1QNlSmFhPxIUAMqQrABA9cY0CkNh9gf564O97N0DE7yRQn4HhFFPUBklbnKfcOgH7aqxpunCHUNrLJ4Ern2/uCtIfn1Ryqxqz3DSleBdWFCOZCcZbScIwojGlNv0sNfxEB4K8A73fTqFjnKcg6B3HZL7wPbj8NX8o1OWp6oWROVT/iVlXhnMra/wB+cfoNXb0oLsTrnksbpX9Z/OfDy6E3UOX0Ljb7aAf2cVpvvvoDRo0aA0aNGgpPxe8N1v09zdTidqUtM64pFuJpVvw8ZLSiyhohII6uFWSnl69dLr4LuFJO6+8dT2U3npdwWt46kCoJSuMWJJDSwsYDg8lAEZxpxXEFGqMabZ12Kos2rUW36i7JqDEOC5NcZcU3ysSfDt5W6ltWSQgFWD0+usNtDW27tuKZdFz1WDXajBQI8CqubfzaAthLhwWG5Etai9n1SjHvrOtcS1ru6tY254A+GStXTt3ZjClUeOxGjhQy9MlLUllpch3HMoBRST9ADgDVR+AHtCOIbeXiEgbUX8mn1umXNImTXJCGC0umttRXHAhvBx3fM2gYVk/EepyNMM3R27sveazKttjftNVOo1Ya7qQ2lRSpJB5krSofKpKgFA/UDUacL/A5slwsVipXHYLNWqFaqTJjKqFWkIedZjlQUWm+RCEpBKU5OCTgdcdNYz6S/Vubifqyml58fnaN35w27ntbT7b2zR5MpiLGnTZ89S18vP8AF3QbTjzQU/FzevlphQVkfTVE+O3s55PFFfcLcyyL2gUGt+FRCqDNRZcUxIQjohxKkAqSoJwnHLg4HUa6WyHWHodatLii2pjcXOz1sMUi96GlcW76I2gdzWIoH9VGeSBh08hUtCiM6VrfduRKLbFcuVmGqI3X7lej0+OtHKURGypw4HpyqKUHTxuDrhnp/CltaNvWbiFbqEuUqdUZga7pDjyhjCEEkhIAwCTk+2qubx9mvee/9yKDN6U60qNQnpqmFuw1yV1CZJe7x50JBRyN/KAokk9emszcqXsvKjbsTbOlv7i3/fpbV4SJR2qXzY6d668hwDP5WlabtqpHARswnhZodZ2EuhTLt1yH117+IxwTGqcLKW0qaJwrLZICkqAILgxkddW31tRo0dfro0Bo0ax1w3BSLVoVQuSvTW4dOpkdyVKfcOEttISVKJ/QaDR9/t/tveHLb+ZuDuFUwzHaBRFioIL81/GUtNp9SfU+QHU6Wzsnxkb68anE1JsRNbatm3KhSpjlLpTCOduM8wnvWXVL6KU5zJGVeWCQBjVVONvisuDii3Zm1gynmrWpLq4tCg83wIZBx3pHqteMk++rHdjBt09V94Lo3IeZ/pqBSvBsuY/z3iARn8mdDnTT7KueZWabCjXdTWaDcy0KEmluSW1rKkdFONcqiVtE9UnAOD1AOtxEVLjLjK88riShWFFJwfoR1Go+39f2updiSq3udbbFZiRFIEWL3IckPSVqCGm2PUOKWoJTgjqdR3QrCvanWiu4KZd192TKaZXINDZrCK7yJCeZLaPGoUkKIwOQAAHoDjrrnMSXqXt+tfq/CFdFzzFWjc1Yp0+2WHx4e4pkqVJryoOQUxcKUGkOpGUeKypak4PKF/HqzqYLcCGxCY5i3HbS0jmUVHlAwMk9SdRptVd12Jtar1u8LplV2LGfcciTX4LDCnYiEBQcSGEpSsKByCB19Omomj7k8Q+9VXm2pbF4WrZKnabFrrCI8BybJECSpYaZdf70JadIQSeVGRzApONXWewqeKjd1Dp12wLPiFU2uzh3yorPxGMwPN54/wCWj0Geqj5ZwdYS/wCl7J2RcMHcC6bHDlwLc5o1SptsyJ00rA8lORmVqA/OQNePYw2/bVQnWHVLRXb94JT4ua4/JVLVVk+XiUSl/G8M+YV8Sft114eOPu2uEzc6SVrbcj0CQ60tCyhSVpGUkEEHz1M+ci6t1e1mLJj3Df8AuendKp25PoNEpNKdpdHjVFAbly1vOIW5IW2CS0kBsJSlXxHmJIGBmXdUF7KPiur281jVPai/6y7UbitJtL0SVIXzOyIBIThRPVRQopGT1wofTV+tdCTg0aNGgNLn7YHiOesywKZsPbk4tVG6x4yqltWFJgoVhKD+daTn2SPrpjGueXj/AN0Ht1uKy+ayJPfQqbONIg4OU9xH/DBH35SfudBXbT1ezR2tZ2L4TWrvuNoQ5lx97XpqnBgoYSk90FfZIJ/XSiuE3ZSdv7vza+3kdlSoj8tMmorAyG4jZCnCfbGB+unj8QZbdoNrcPFpLMV27HG4TwZ6GLSGEgvr6eXwp5B7nQaq5eat9dwdk3n6c5Dpk5VRu4xXevOiKhSIqiPoVuMugfbUpbi7rWZtcIzN0TnVT5xIh02EwqRMk48yhpHXA+pwPfWm3HSptp757eVqiUB56lx7fq1Bjojt5Qw8W2nWUqx8qSI5SCfUgay+3Vnt7X2fXd9N2VJmXlNgPVitS1jm/h8ZCC4IbGfkbbQMHHzKCifPQaRS9sw2yKFb+/sy27PqIblxKA0qPHmRWnWkEMB1f4rafXl8xzEamPaTZCwNnaMKTZNIRFbXyqeeUsuvPqAwFOOK6qONQVYZi7v3nAt7f7ZO3o9Svi2l3NSahDe53BExH52HeoUh1sym083qUnHQDUn8OdyVCn0m4dqboqTsur7fVV2lB59WXpEA/iQ3lE+ZLC28q9SDoNqr1q1mp7xWzdSGWm6ZQaZNbLvP8br0gpTyY+iQgHP/AFajTtCHnGuD3cotkjno7iT9j56+m424FT3MviJtptvUH/A0SS3PumrwjzCO22eZMNtQ6KdWR1A8h99eHiwrNH3X4LNyqja8sTGV0KWlOEkKS610UhST1CgQcg6BOvAbvYNieJe1LpmyizSJz/8ACqoc/D4Z/wCAqP15SQr7jXQ6lSVpC0KBSoZBHkRrlfbcW04l1tRSpBCkkehGuibgX3dO9XC/ZN2ypPfVGLCFJqJKsq8RG/DJV7qQELP5tBPejRo0GubkVefQNu7or1KQVzabRZsuMkDJLrbC1IAH3A1zF1eZKqNVmT5ri3JEh9xx1SzlRUVEnOupV1tt5tTLyErQtJSpKhkKB8wRqnlydlJwk3HeRvBVEr0BLjyn3qXDqIRCcUTk5SpBWB18krGgiPsgeHRyy7Dqu/10wgxMuVHh6UXRgtwUE8znXy5j6+oA1ZnaN3/EzcG6t85SVLhuuKt+3Ob+2Cwr8V1I9O8dB6/ROsxv5U2tvtraVtTt3EbhVG53GrZoseOOUR2lJw44APIIbBOfqRrdLPtanWbbNKtKjNhEOlxm4rQAxnlHVR9yck+5Og2alxudRfUCAn5dRvxeyHovC1uu9HJCxZ9VSCPQGMsE/sTqWmGw00lCfQY1q27Vj/4l7XXbt4ZCWf5lok2lB1Q6Nl9lTYUfsVZ/TQRhY7LFb4oqs7FSDEsawaTR2voh6Y++64kf+OPGJ9iNbluDsBYO4lc/mipKq9Mqyo4ivy6RUXIbkpkZ5W3Sg/GBk4PmM9DrXOGPb/ca14NzXduzTodPue6p0Vx6HFlJkIYYiwmIrY7xPQ85ZcdwPLvQPMHU2kZ6aCP7Qsq2Nv6Oi3LSorFNgtEnu2h1Wo+a1qPxLUfVSiSdRNaNCjyqnv5tI+j+imITVI7H9oEyMsr5R+dI1PlQb7uUvHkeuogfUm1eKCizHE4h31b0ilOk9EmTGIdR+pb5hoOeOr052j1abSXx+JCkOR1/mQopP+400zsT90pDzN+7NzJHM2wlm4ILZPy9e5fOPcqY/bVAeK+xpO3HEduDaclotmPXJD6ARgcjyu9Tj2w4NWR7HVNW/wCKyS5AZdVEFtzUzlpB5UNlTfLzH/uBGgdzo0aNAaNGjQV9uUmp8XlKiT/x2aRZzkuC2r5WHnZBQ4tI/wCYpSBk+g1MkQAyG8j10aNBntGjRoDRo0aDEVjo+j3TqEOIImNV9rqmweSUxfNNabdHmlDiilwfZSeh0aNAsXtb6RTYvGAhUaIhsz6DAdklOR3iytxJUffAA/TTK+ArZnbDbHYyjV2xrPh0upXJFbkVWYlS3X5SwTjmW4pSgkdcJBCRkkDro0aCyujRo0H/2Q==', NULL, NULL, NULL, NULL);

-- ----------------------------
-- Table structure for sys_login_log
-- ----------------------------
DROP TABLE IF EXISTS `sys_login_log`;
CREATE TABLE `sys_login_log`  (
  `login_log_id` bigint(20) NOT NULL COMMENT '主键',
  `log_name` varchar(255) CHARACTER SET utf8 COLLATE utf8_bin NULL DEFAULT NULL COMMENT '日志名称',
  `user_id` bigint(20) NULL DEFAULT NULL COMMENT '管理员id',
  `create_time` datetime(0) NULL DEFAULT NULL COMMENT '创建时间',
  `succeed` varchar(255) CHARACTER SET utf8 COLLATE utf8_bin NULL DEFAULT NULL COMMENT '是否执行成功',
  `message` text CHARACTER SET utf8 COLLATE utf8_bin NULL COMMENT '具体消息',
  `ip_address` varchar(255) CHARACTER SET utf8 COLLATE utf8_bin NULL DEFAULT NULL COMMENT '登录ip',
  PRIMARY KEY (`login_log_id`) USING BTREE
) ENGINE = InnoDB CHARACTER SET = utf8 COLLATE = utf8_bin COMMENT = '登录记录' ROW_FORMAT = Compact;

-- ----------------------------
-- Records of sys_login_log
-- ----------------------------
INSERT INTO `sys_login_log` VALUES (1191527043074904065, '登录日志', 1, '2019-11-05 09:25:59', '成功', NULL, '0:0:0:0:0:0:0:1');


-- ----------------------------
-- Table structure for sys_menu
-- ----------------------------
DROP TABLE IF EXISTS `sys_menu`;
CREATE TABLE `sys_menu`  (
  `menu_id` bigint(20) NOT NULL COMMENT '主键id',
  `code` varchar(255) CHARACTER SET utf8 COLLATE utf8_bin NULL DEFAULT NULL COMMENT '菜单编号',
  `pcode` varchar(255) CHARACTER SET utf8 COLLATE utf8_bin NULL DEFAULT NULL COMMENT '菜单父编号',
  `pcodes` varchar(255) CHARACTER SET utf8 COLLATE utf8_bin NULL DEFAULT NULL COMMENT '当前菜单的所有父菜单编号',
  `name` varchar(255) CHARACTER SET utf8 COLLATE utf8_bin NULL DEFAULT NULL COMMENT '菜单名称',
  `icon` varchar(255) CHARACTER SET utf8 COLLATE utf8_bin NULL DEFAULT NULL COMMENT '菜单图标',
  `url` varchar(255) CHARACTER SET utf8 COLLATE utf8_bin NULL DEFAULT NULL COMMENT 'url地址',
  `sort` int(65) NULL DEFAULT NULL COMMENT '菜单排序号',
  `levels` int(65) NULL DEFAULT NULL COMMENT '菜单层级',
  `menu_flag` varchar(32) CHARACTER SET utf8 COLLATE utf8_bin NULL DEFAULT NULL COMMENT '是否是菜单(字典)',
  `description` varchar(255) CHARACTER SET utf8 COLLATE utf8_bin NULL DEFAULT NULL COMMENT '备注',
  `status` varchar(32) CHARACTER SET utf8 COLLATE utf8_bin NULL DEFAULT 'ENABLE' COMMENT '菜单状态(字典)',
  `new_page_flag` varchar(32) CHARACTER SET utf8 COLLATE utf8_bin NULL DEFAULT NULL COMMENT '是否打开新页面的标识(字典)',
  `open_flag` varchar(32) CHARACTER SET utf8 COLLATE utf8_bin NULL DEFAULT NULL COMMENT '是否打开(字典)',
  `create_time` datetime(0) NULL DEFAULT NULL COMMENT '创建时间',
  `update_time` datetime(0) NULL DEFAULT NULL COMMENT '修改时间',
  `create_user` bigint(20) NULL DEFAULT NULL COMMENT '创建人',
  `update_user` bigint(20) NULL DEFAULT NULL COMMENT '修改人',
  PRIMARY KEY (`menu_id`) USING BTREE
) ENGINE = InnoDB CHARACTER SET = utf8 COLLATE = utf8_bin COMMENT = '菜单表' ROW_FORMAT = Compact;

-- ----------------------------
-- Records of sys_menu
-- ----------------------------
INSERT INTO `sys_menu` VALUES (105, 'system', '0', '[0],', '平台管理', 'layui-icon layui-icon-set', '#', 20, 1, 'Y', NULL, 'ENABLE', NULL, '1', NULL, '2019-11-07 09:12:50', NULL, 1);
INSERT INTO `sys_menu` VALUES (106, 'mgr', 'system', '[0],[system],', '用户管理', '', '/mgr', 1, 2, 'Y', NULL, 'ENABLE', NULL, '0', NULL, '2019-11-07 09:12:50', NULL, 1);
INSERT INTO `sys_menu` VALUES (107, 'mgr_add', 'mgr', '[0],[system],[mgr],', '添加用户', NULL, '/mgr/add', 1, 3, 'N', NULL, 'ENABLE', NULL, '0', NULL, '2019-11-07 09:12:50', NULL, 1);
INSERT INTO `sys_menu` VALUES (108, 'mgr_edit', 'mgr', '[0],[system],[mgr],', '修改用户', NULL, '/mgr/edit', 2, 3, 'N', NULL, 'ENABLE', NULL, '0', NULL, '2019-11-07 09:12:50', NULL, 1);
INSERT INTO `sys_menu` VALUES (109, 'mgr_delete', 'mgr', '[0],[system],[mgr],', '删除用户', NULL, '/mgr/delete', 3, 3, 'N', NULL, 'ENABLE', NULL, '0', NULL, '2019-11-07 09:12:50', NULL, 1);
INSERT INTO `sys_menu` VALUES (110, 'mgr_reset', 'mgr', '[0],[system],[mgr],', '重置密码', NULL, '/mgr/reset', 4, 3, 'N', NULL, 'ENABLE', NULL, '0', NULL, '2019-11-07 09:12:50', NULL, 1);
INSERT INTO `sys_menu` VALUES (111, 'mgr_freeze', 'mgr', '[0],[system],[mgr],', '冻结用户', NULL, '/mgr/freeze', 5, 3, 'N', NULL, 'ENABLE', NULL, '0', NULL, '2019-11-07 09:12:50', NULL, 1);
INSERT INTO `sys_menu` VALUES (112, 'mgr_unfreeze', 'mgr', '[0],[system],[mgr],', '解除冻结用户', NULL, '/mgr/unfreeze', 6, 3, 'N', NULL, 'ENABLE', NULL, '0', NULL, '2019-11-07 09:12:50', NULL, 1);
INSERT INTO `sys_menu` VALUES (113, 'mgr_setRole', 'mgr', '[0],[system],[mgr],', '分配角色', NULL, '/mgr/setRole', 7, 3, 'N', NULL, 'ENABLE', NULL, '0', NULL, '2019-11-07 09:12:50', NULL, 1);
INSERT INTO `sys_menu` VALUES (114, 'role', 'system', '[0],[system],', '角色管理', NULL, '/role', 2, 2, 'Y', NULL, 'ENABLE', NULL, '0', NULL, '2019-11-07 09:12:50', NULL, 1);
INSERT INTO `sys_menu` VALUES (115, 'role_add', 'role', '[0],[system],[role],', '添加角色', NULL, '/role/add', 1, 3, 'N', NULL, 'ENABLE', NULL, '0', NULL, '2019-11-07 09:12:50', NULL, 1);
INSERT INTO `sys_menu` VALUES (116, 'role_edit', 'role', '[0],[system],[role],', '修改角色', NULL, '/role/edit', 2, 3, 'N', NULL, 'ENABLE', NULL, '0', NULL, '2019-11-07 09:12:50', NULL, 1);
INSERT INTO `sys_menu` VALUES (117, 'role_remove', 'role', '[0],[system],[role],', '删除角色', NULL, '/role/remove', 3, 3, 'N', NULL, 'ENABLE', NULL, '0', NULL, '2019-11-07 09:12:50', NULL, 1);
INSERT INTO `sys_menu` VALUES (118, 'role_setAuthority', 'role', '[0],[system],[role],', '配置权限', NULL, '/role/setAuthority', 4, 3, 'N', NULL, 'ENABLE', NULL, '0', NULL, '2019-11-07 09:12:50', NULL, 1);
INSERT INTO `sys_menu` VALUES (119, 'menu', 'system', '[0],[system],', '菜单管理', NULL, '/menu', 4, 2, 'Y', NULL, 'ENABLE', NULL, '0', NULL, '2019-11-07 09:12:50', NULL, 1);
INSERT INTO `sys_menu` VALUES (120, 'menu_add', 'menu', '[0],[system],[menu],', '添加菜单', NULL, '/menu/add', 1, 3, 'N', NULL, 'ENABLE', NULL, '0', NULL, '2019-11-07 09:12:50', NULL, 1);
INSERT INTO `sys_menu` VALUES (121, 'menu_edit', 'menu', '[0],[system],[menu],', '修改菜单', NULL, '/menu/edit', 2, 3, 'N', NULL, 'ENABLE', NULL, '0', NULL, '2019-11-07 09:12:50', NULL, 1);
INSERT INTO `sys_menu` VALUES (122, 'menu_remove', 'menu', '[0],[system],[menu],', '删除菜单', NULL, '/menu/remove', 3, 3, 'N', NULL, 'ENABLE', NULL, '0', NULL, '2019-11-07 09:12:50', NULL, 1);
INSERT INTO `sys_menu` VALUES (128, 'log', 'system', '[0],[system],', '业务日志', NULL, '/log', 6, 2, 'Y', NULL, 'ENABLE', NULL, '0', NULL, '2019-11-07 09:12:50', NULL, 1);
INSERT INTO `sys_menu` VALUES (130, 'druid', 'system', '[0],[system],', '监控管理', NULL, '/druid', 7, 2, 'Y', NULL, 'ENABLE', NULL, NULL, NULL, '2019-11-07 09:12:50', NULL, 1);
INSERT INTO `sys_menu` VALUES (131, 'dept', 'system', '[0],[system],', '部门管理', NULL, '/dept', 3, 2, 'Y', NULL, 'ENABLE', NULL, NULL, NULL, '2019-11-07 09:12:50', NULL, 1);
INSERT INTO `sys_menu` VALUES (132, 'dict', 'system', '[0],[system],', '字典管理', '', '/dictType', 4, 2, 'Y', NULL, 'ENABLE', NULL, NULL, NULL, '2019-11-07 09:12:50', NULL, 1);
INSERT INTO `sys_menu` VALUES (133, 'loginLog', 'system', '[0],[system],', '登录日志', NULL, '/loginLog', 6, 2, 'Y', NULL, 'ENABLE', NULL, NULL, NULL, '2019-11-07 09:12:50', NULL, 1);
INSERT INTO `sys_menu` VALUES (134, 'log_clean', 'log', '[0],[system],[log],', '清空日志', NULL, '/log/delLog', 3, 3, 'N', NULL, 'ENABLE', NULL, NULL, NULL, '2019-11-07 09:12:50', NULL, 1);
INSERT INTO `sys_menu` VALUES (135, 'dept_add', 'dept', '[0],[system],[dept],', '添加部门', NULL, '/dept/add', 1, 3, 'N', NULL, 'ENABLE', NULL, NULL, NULL, '2019-11-07 09:12:50', NULL, 1);
INSERT INTO `sys_menu` VALUES (136, 'dept_update', 'dept', '[0],[system],[dept],', '修改部门', NULL, '/dept/update', 1, 3, 'N', NULL, 'ENABLE', NULL, NULL, NULL, '2019-11-07 09:12:50', NULL, 1);
INSERT INTO `sys_menu` VALUES (137, 'dept_delete', 'dept', '[0],[system],[dept],', '删除部门', NULL, '/dept/delete', 1, 3, 'N', NULL, 'ENABLE', NULL, NULL, NULL, '2019-11-07 09:12:50', NULL, 1);
INSERT INTO `sys_menu` VALUES (138, 'dict_add', 'dict', '[0],[system],[dict],', '添加字典', NULL, '/dictType/addItem', 1, 3, 'N', NULL, 'ENABLE', NULL, NULL, NULL, '2019-11-07 09:12:50', NULL, 1);
INSERT INTO `sys_menu` VALUES (139, 'dict_update', 'dict', '[0],[system],[dict],', '修改字典', NULL, '/dictType/editItem', 1, 3, 'N', NULL, 'ENABLE', NULL, NULL, NULL, '2019-11-07 09:12:50', NULL, 1);
INSERT INTO `sys_menu` VALUES (140, 'dict_delete', 'dict', '[0],[system],[dict],', '删除字典', NULL, '/dictType/delete', 1, 3, 'N', NULL, 'ENABLE', NULL, NULL, NULL, '2019-11-07 09:12:50', NULL, 1);
INSERT INTO `sys_menu` VALUES (141, 'notice', 'system', '[0],[system],', '通知管理', NULL, '/notice', 9, 2, 'Y', NULL, 'ENABLE', NULL, NULL, NULL, '2019-11-07 09:12:50', NULL, 1);
INSERT INTO `sys_menu` VALUES (142, 'notice_add', 'notice', '[0],[system],[notice],', '添加通知', NULL, '/notice/add', 1, 3, 'N', NULL, 'ENABLE', NULL, NULL, NULL, '2019-11-07 09:12:50', NULL, 1);
INSERT INTO `sys_menu` VALUES (143, 'notice_update', 'notice', '[0],[system],[notice],', '修改通知', NULL, '/notice/update', 2, 3, 'N', NULL, 'ENABLE', NULL, NULL, NULL, '2019-11-07 09:12:50', NULL, 1);
INSERT INTO `sys_menu` VALUES (144, 'notice_delete', 'notice', '[0],[system],[notice],', '删除通知', NULL, '/notice/delete', 3, 3, 'N', NULL, 'ENABLE', NULL, NULL, NULL, '2019-11-07 09:12:50', NULL, 1);
INSERT INTO `sys_menu` VALUES (145, 'sys_message', 'dashboard', '[0],[dashboard],', '消息通知', 'layui-icon layui-icon-tips', '/system/notice', 30, 2, 'Y', NULL, 'ENABLE', NULL, NULL, NULL, '2019-04-08 22:49:39', NULL, 1);
INSERT INTO `sys_menu` VALUES (149, 'api_mgr', 'dev_tools', '[0],[dev_tools],', '接口文档', 'fa-leaf', '/swagger-ui.html', 2, 2, 'Y', NULL, 'ENABLE', NULL, NULL, NULL, '2019-04-08 22:55:06', NULL, 1);
INSERT INTO `sys_menu` VALUES (150, 'to_menu_edit', 'menu', '[0],[system],[menu],', '菜单编辑跳转', '', '/menu/menu_edit', 4, 3, 'N', NULL, 'ENABLE', NULL, NULL, NULL, '2019-11-07 09:12:50', NULL, 1);
INSERT INTO `sys_menu` VALUES (151, 'menu_list', 'menu', '[0],[system],[menu],', '菜单列表', '', '/menu/list', 5, 3, 'N', NULL, 'ENABLE', NULL, NULL, NULL, '2019-11-07 09:12:50', NULL, 1);
INSERT INTO `sys_menu` VALUES (152, 'to_dept_update', 'dept', '[0],[system],[dept],', '修改部门跳转', '', '/dept/dept_update', 4, 3, 'N', NULL, 'ENABLE', NULL, NULL, NULL, '2019-11-07 09:12:50', NULL, 1);
INSERT INTO `sys_menu` VALUES (153, 'dept_list', 'dept', '[0],[system],[dept],', '部门列表', '', '/dept/list', 5, 3, 'N', NULL, 'ENABLE', NULL, NULL, NULL, '2019-11-07 09:12:50', NULL, 1);
INSERT INTO `sys_menu` VALUES (154, 'dept_detail', 'dept', '[0],[system],[dept],', '部门详情', '', '/dept/detail', 6, 3, 'N', NULL, 'ENABLE', NULL, NULL, NULL, '2019-11-07 09:12:50', NULL, 1);
INSERT INTO `sys_menu` VALUES (155, 'to_dict_edit', 'dict', '[0],[system],[dict],', '修改菜单跳转', '', '/dict/dict_edit', 4, 3, 'N', NULL, 'ENABLE', NULL, NULL, NULL, '2019-11-07 09:12:50', NULL, 1);
INSERT INTO `sys_menu` VALUES (156, 'dict_list', 'dict', '[0],[system],[dict],', '字典列表', '', '/dict/list', 5, 3, 'N', NULL, 'ENABLE', NULL, NULL, NULL, '2019-11-07 09:12:50', NULL, 1);
INSERT INTO `sys_menu` VALUES (157, 'dict_detail', 'dict', '[0],[system],[dict],', '字典详情', '', '/dict/detail', 6, 3, 'N', NULL, 'ENABLE', NULL, NULL, NULL, '2019-11-07 09:12:50', NULL, 1);
INSERT INTO `sys_menu` VALUES (158, 'log_list', 'log', '[0],[system],[log],', '日志列表', '', '/log/list', 2, 3, 'N', NULL, 'ENABLE', NULL, NULL, NULL, '2019-11-07 09:12:50', NULL, 1);
INSERT INTO `sys_menu` VALUES (159, 'log_detail', 'log', '[0],[system],[log],', '日志详情', '', '/log/detail', 3, 3, 'N', NULL, 'ENABLE', NULL, NULL, NULL, '2019-11-07 09:12:50', NULL, 1);
INSERT INTO `sys_menu` VALUES (160, 'del_login_log', 'loginLog', '[0],[system],[loginLog],', '清空登录日志', '', '/loginLog/delLoginLog', 1, 3, 'N', NULL, 'ENABLE', NULL, NULL, NULL, '2019-11-07 09:12:50', NULL, 1);
INSERT INTO `sys_menu` VALUES (161, 'login_log_list', 'loginLog', '[0],[system],[loginLog],', '登录日志列表', '', '/loginLog/list', 2, 3, 'N', NULL, 'ENABLE', NULL, NULL, NULL, '2019-11-07 09:12:50', NULL, 1);
INSERT INTO `sys_menu` VALUES (162, 'to_role_edit', 'role', '[0],[system],[role],', '修改角色跳转', '', '/role/role_edit', 5, 3, 'N', NULL, 'ENABLE', NULL, NULL, NULL, '2019-11-07 09:12:50', NULL, 1);
INSERT INTO `sys_menu` VALUES (163, 'to_role_assign', 'role', '[0],[system],[role],', '角色分配跳转', '', '/role/role_assign', 6, 3, 'N', NULL, 'ENABLE', NULL, NULL, NULL, '2019-11-07 09:12:50', NULL, 1);
INSERT INTO `sys_menu` VALUES (164, 'role_list', 'role', '[0],[system],[role],', '角色列表', '', '/role/list', 7, 3, 'N', NULL, 'ENABLE', NULL, NULL, NULL, '2019-11-07 09:12:50', NULL, 1);
INSERT INTO `sys_menu` VALUES (165, 'to_assign_role', 'mgr', '[0],[system],[mgr],', '分配角色跳转', '', '/mgr/role_assign', 8, 3, 'N', NULL, 'ENABLE', NULL, NULL, NULL, '2019-11-07 09:12:50', NULL, 1);
INSERT INTO `sys_menu` VALUES (166, 'to_user_edit', 'mgr', '[0],[system],[mgr],', '编辑用户跳转', '', '/mgr/user_edit', 9, 3, 'N', NULL, 'ENABLE', NULL, NULL, NULL, '2019-11-07 09:12:50', NULL, 1);
INSERT INTO `sys_menu` VALUES (167, 'mgr_list', 'mgr', '[0],[system],[mgr],', '用户列表', '', '/mgr/list', 10, 3, 'N', NULL, 'ENABLE', NULL, NULL, NULL, '2019-11-07 09:12:50', NULL, 1);
INSERT INTO `sys_menu` VALUES (171, 'dev_tools', '0', '[0],', 'API管理', 'layui-icon layui-icon-code-circle', '#', 30, 1, 'Y', NULL, 'ENABLE', NULL, NULL, NULL, '2019-04-08 22:55:06', NULL, 1);
INSERT INTO `sys_menu` VALUES (172, 'dashboard', '0', '[0],', '主控面板', 'layui-icon layui-icon-home', '#', 10, 1, 'Y', NULL, 'ENABLE', NULL, NULL, NULL, '2019-04-08 22:48:15', NULL, 1);
INSERT INTO `sys_menu` VALUES (1111545968697860098, 'console', 'dashboard', '[0],[dashboard],', '项目介绍', '', '/system/console', 10, 2, 'Y', NULL, 'ENABLE', NULL, NULL, '2019-03-29 16:29:45', '2019-04-09 20:57:08', 1, 1);
INSERT INTO `sys_menu` VALUES (1111546189892870145, 'console2', 'dashboard', '[0],[dashboard],', '统计报表', '', '/system/console2', 20, 2, 'Y', NULL, 'ENABLE', NULL, NULL, '2019-03-29 16:30:38', '2019-04-08 22:49:48', 1, 1);
INSERT INTO `sys_menu` VALUES (1191971805796061185, 'index', '0', '[0],', '首页', '', '/system/console', 0, 1, 'Y', NULL, 'ENABLE', NULL, NULL, '2019-11-06 14:53:19', '2019-11-11 17:43:05', 1, 1);
INSERT INTO `sys_menu` VALUES (1191971884879663105, 'data', '0', '[0],', '数据', '', '/', 1, 1, 'Y', NULL, 'ENABLE', NULL, NULL, '2019-11-06 14:53:38', NULL, 1, NULL);
INSERT INTO `sys_menu` VALUES (1192246711620255746, 'gnsjk', 'data', '[0],[data],', '国内数据库', '', '/', 0, 2, 'Y', NULL, 'ENABLE', NULL, NULL, '2019-11-07 09:05:42', NULL, 1, NULL);
INSERT INTO `sys_menu` VALUES (1192246782172643329, 'gjsjk', 'data', '[0],[data],', '国际数据库', '', '/', 1, 2, 'Y', NULL, 'ENABLE', NULL, NULL, '2019-11-07 09:05:58', NULL, 1, NULL);
INSERT INTO `sys_menu` VALUES (1192246849075986434, 'hysjk', 'data', '[0],[data],', '行业数据库', '', '/', 2, 2, 'Y', NULL, 'ENABLE', NULL, NULL, '2019-11-07 09:06:14', NULL, 1, NULL);
INSERT INTO `sys_menu` VALUES (1192246926871937026, 'qysjk', 'data', '[0],[data],', '企业数据库', '', '/', 3, 2, 'Y', NULL, 'ENABLE', NULL, NULL, '2019-11-07 09:06:33', NULL, 1, NULL);
INSERT INTO `sys_menu` VALUES (1192247069419552769, 'dictsjk', 'data', '[0],[data],', 'DICT数据库', '', '/', 4, 2, 'Y', NULL, 'ENABLE', NULL, NULL, '2019-11-07 09:07:07', NULL, 1, NULL);
INSERT INTO `sys_menu` VALUES (1192247151300755458, 'scsjk', 'data', '[0],[data],', '市场数据库', '', '/', 5, 2, 'Y', NULL, 'ENABLE', NULL, NULL, '2019-11-07 09:07:26', NULL, 1, NULL);
INSERT INTO `sys_menu` VALUES (1192247753544089601, 'intelligence', '0', '[0],', '情报', '', '/intelligence', 4, 1, 'Y', NULL, 'ENABLE', NULL, NULL, '2019-11-07 09:09:50', '2019-12-02 09:17:43', 1, 1);
INSERT INTO `sys_menu` VALUES (1192248628073250817, 'fcgl', 'system', '[0],[system],', '分词管理', '', '/', 5, 2, 'Y', NULL, 'ENABLE', NULL, NULL, '2019-11-07 09:13:18', NULL, 1, NULL);
INSERT INTO `sys_menu` VALUES (1192248716438847489, 'sjgl', 'system', '[0],[system],', '数据管理', '', '/', 6, 2, 'Y', NULL, 'ENABLE', NULL, NULL, '2019-11-07 09:13:40', NULL, 1, NULL);
INSERT INTO `sys_menu` VALUES (1192248797158227969, 'pcgl', 'system', '[0],[system],', '爬虫管理', '', '/', 7, 2, 'Y', NULL, 'ENABLE', NULL, NULL, '2019-11-07 09:13:59', NULL, 1, NULL);
INSERT INTO `sys_menu` VALUES (1192248880004120578, 'ptgl1', 'system', '[0],[system],', '平台管理', '', '/', 8, 2, 'Y', NULL, 'ENABLE', NULL, NULL, '2019-11-07 09:14:19', NULL, 1, NULL);
INSERT INTO `sys_menu` VALUES (1201309382055358465, 'analysis', '0', '[0],', '分析', '', '/analysis', 5, 1, 'Y', NULL, 'ENABLE', NULL, NULL, '2019-12-02 09:17:31', NULL, 1, NULL);
INSERT INTO `sys_menu` VALUES (1201309553149407234, 'tools', '0', '[0],', '工具', '', '/', 19, 1, 'Y', NULL, 'ENABLE', NULL, NULL, '2019-12-02 09:18:11', '2019-12-05 15:58:54', 1, 1);
INSERT INTO `sys_menu` VALUES (1202500580447162369, 'method_lib', 'tools', '[0],[tools],', '方法库', '', '/', 0, 2, 'Y', NULL, 'ENABLE', NULL, NULL, '2019-12-05 16:10:54', '2019-12-05 16:11:18', 1, 1);
INSERT INTO `sys_menu` VALUES (1202500752812085250, 'case_lib', 'tools', '[0],[tools],', '案例库', '', '/', 1, 2, 'Y', NULL, 'ENABLE', NULL, NULL, '2019-12-05 16:11:36', NULL, 1, NULL);

-- ----------------------------
-- Table structure for sys_notice
-- ----------------------------
DROP TABLE IF EXISTS `sys_notice`;
CREATE TABLE `sys_notice`  (
  `notice_id` bigint(20) NOT NULL COMMENT '主键',
  `title` varchar(255) CHARACTER SET utf8 COLLATE utf8_bin NULL DEFAULT NULL COMMENT '标题',
  `content` text CHARACTER SET utf8 COLLATE utf8_bin NULL COMMENT '内容',
  `create_time` datetime(0) NULL DEFAULT NULL COMMENT '创建时间',
  `create_user` bigint(20) NULL DEFAULT NULL COMMENT '创建人',
  `update_time` datetime(0) NULL DEFAULT NULL COMMENT '修改时间',
  `update_user` bigint(20) NULL DEFAULT NULL COMMENT '修改人',
  PRIMARY KEY (`notice_id`) USING BTREE
) ENGINE = InnoDB CHARACTER SET = utf8 COLLATE = utf8_bin COMMENT = '通知表' ROW_FORMAT = Compact;

-- ----------------------------
-- Records of sys_notice
-- ----------------------------
INSERT INTO `sys_notice` VALUES (6, '欢迎', 'hi，Guns旗舰版发布了！', '2017-01-11 08:53:20', 1, '2018-12-28 23:24:48', 1);
INSERT INTO `sys_notice` VALUES (8, '你好', '你好，世界！', '2017-05-10 19:28:57', 1, '2018-12-28 23:28:26', 1);

-- ----------------------------
-- Table structure for sys_operation_log
-- ----------------------------
DROP TABLE IF EXISTS `sys_operation_log`;
CREATE TABLE `sys_operation_log`  (
  `operation_log_id` bigint(20) NOT NULL COMMENT '主键',
  `log_type` varchar(32) CHARACTER SET utf8 COLLATE utf8_bin NULL DEFAULT NULL COMMENT '日志类型(字典)',
  `log_name` varchar(255) CHARACTER SET utf8 COLLATE utf8_bin NULL DEFAULT NULL COMMENT '日志名称',
  `user_id` bigint(65) NULL DEFAULT NULL COMMENT '用户id',
  `class_name` varchar(255) CHARACTER SET utf8 COLLATE utf8_bin NULL DEFAULT NULL COMMENT '类名称',
  `method` text CHARACTER SET utf8 COLLATE utf8_bin NULL COMMENT '方法名称',
  `create_time` datetime(0) NULL DEFAULT NULL COMMENT '创建时间',
  `succeed` varchar(32) CHARACTER SET utf8 COLLATE utf8_bin NULL DEFAULT NULL COMMENT '是否成功(字典)',
  `message` text CHARACTER SET utf8 COLLATE utf8_bin NULL COMMENT '备注',
  PRIMARY KEY (`operation_log_id`) USING BTREE
) ENGINE = InnoDB CHARACTER SET = utf8 COLLATE = utf8_bin COMMENT = '操作日志' ROW_FORMAT = Compact;

-- ----------------------------
-- Records of sys_operation_log
-- ----------------------------
INSERT INTO `sys_operation_log` VALUES (1191527211845308418, '业务日志', '配置权限', 1, 'cn.stylefeng.guns.modular.system.controller.RoleController', 'setAuthority', '2019-11-05 09:26:39', '成功', '角色名称=超级管理员,资源名称=系统管理,用户管理,添加用户,修改用户,删除用户,重置密码,冻结用户,解除冻结用户,分配角色,分配角色跳转,编辑用户跳转,用户列表,角色管理,添加角色,修改角色,删除角色,配置权限,修改角色跳转,角色分配跳转,角色列表,菜单管理,添加菜单,修改菜单,删除菜单,菜单编辑跳转,菜单列表,业务日志,清空日志,日志列表,日志详情,监控管理,部门管理,添加部门,修改部门,删除部门,修改部门跳转,部门列表,部门详情,字典管理,添加字典,修改字典,删除字典,修改菜单跳转,字典列表,字典详情,登录日志,清空登录日志,登录日志列表,通知管理,添加通知,修改通知,删除通知,主控面板,消息通知,项目介绍,统计报表');
INSERT INTO `sys_operation_log` VALUES (1191962366741426177, '业务日志', '修改管理员', 1, 'cn.stylefeng.guns.modular.system.controller.UserMgrController', 'edit', '2019-11-06 14:15:48', '成功', '账号=admin;;;字段名称:名字,旧值:stylefeng,新值:admin;;;字段名称:电子邮件,旧值:sn93@qq.com,新值:admin@qq.com');
INSERT INTO `sys_operation_log` VALUES (1191962413889597442, '业务日志', '修改管理员', 1, 'cn.stylefeng.guns.modular.system.controller.UserMgrController', 'edit', '2019-11-06 14:16:00', '成功', '账号=admin;;;字段名称:部门名称,旧值:战略部,新值:开发部');
INSERT INTO `sys_operation_log` VALUES (1191962447746019329, '业务日志', '删除部门', 1, 'cn.stylefeng.guns.modular.system.controller.DeptController', 'delete', '2019-11-06 14:16:08', '成功', '部门名称=总公司');
INSERT INTO `sys_operation_log` VALUES (1191962546102448130, '异常日志', '', 1, NULL, NULL, '2019-11-06 14:16:31', '失败', 'cn.stylefeng.roses.kernel.model.exception.ServiceException: 请求有错误\r\n	at cn.stylefeng.guns.modular.system.service.DeptService.addDept(DeptService.java:44)\r\n	at cn.stylefeng.guns.modular.system.service.DeptServiceTTFastClassBySpringCGLIBTT346082cf.invoke(<generated>)\r\n	at org.springframework.cglib.proxy.MethodProxy.invoke(MethodProxy.java:218)\r\n	at org.springframework.aop.framework.CglibAopProxyTCglibMethodInvocation.invokeJoinpoint(CglibAopProxy.java:749)\r\n	at org.springframework.aop.framework.ReflectiveMethodInvocation.proceed(ReflectiveMethodInvocation.java:163)\r\n	at com.alibaba.druid.support.spring.stat.DruidStatInterceptor.invoke(DruidStatInterceptor.java:72)\r\n	at org.springframework.aop.framework.ReflectiveMethodInvocation.proceed(ReflectiveMethodInvocation.java:186)\r\n	at org.springframework.transaction.interceptor.TransactionAspectSupport.invokeWithinTransaction(TransactionAspectSupport.java:294)\r\n	at org.springframework.transaction.interceptor.TransactionInterceptor.invoke(TransactionInterceptor.java:98)\r\n	at org.springframework.aop.framework.ReflectiveMethodInvocation.proceed(ReflectiveMethodInvocation.java:186)\r\n	at org.springframework.aop.framework.CglibAopProxyTDynamicAdvisedInterceptor.intercept(CglibAopProxy.java:688)\r\n	at cn.stylefeng.guns.modular.system.service.DeptServiceTTEnhancerBySpringCGLIBTTe648f2b9.addDept(<generated>)\r\n	at cn.stylefeng.guns.modular.system.controller.DeptController.add(DeptController.java:153)\r\n	at cn.stylefeng.guns.modular.system.controller.DeptControllerTTFastClassBySpringCGLIBTTc591726b.invoke(<generated>)\r\n	at org.springframework.cglib.proxy.MethodProxy.invoke(MethodProxy.java:218)\r\n	at org.springframework.aop.framework.CglibAopProxyTCglibMethodInvocation.invokeJoinpoint(CglibAopProxy.java:749)\r\n	at org.springframework.aop.framework.ReflectiveMethodInvocation.proceed(ReflectiveMethodInvocation.java:163)\r\n	at org.springframework.aop.aspectj.MethodInvocationProceedingJoinPoint.proceed(MethodInvocationProceedingJoinPoint.java:88)\r\n	at cn.stylefeng.guns.core.interceptor.SessionHolderInterceptor.sessionKit(SessionHolderInterceptor.java:44)\r\n	at sun.reflect.GeneratedMethodAccessor106.invoke(Unknown Source)\r\n	at sun.reflect.DelegatingMethodAccessorImpl.invoke(DelegatingMethodAccessorImpl.java:43)\r\n	at java.lang.reflect.Method.invoke(Method.java:498)\r\n	at org.springframework.aop.aspectj.AbstractAspectJAdvice.invokeAdviceMethodWithGivenArgs(AbstractAspectJAdvice.java:644)\r\n	at org.springframework.aop.aspectj.AbstractAspectJAdvice.invokeAdviceMethod(AbstractAspectJAdvice.java:633)\r\n	at org.springframework.aop.aspectj.AspectJAroundAdvice.invoke(AspectJAroundAdvice.java:70)\r\n	at org.springframework.aop.framework.ReflectiveMethodInvocation.proceed(ReflectiveMethodInvocation.java:186)\r\n	at org.springframework.aop.aspectj.MethodInvocationProceedingJoinPoint.proceed(MethodInvocationProceedingJoinPoint.java:88)\r\n	at cn.stylefeng.guns.core.aop.LogAop.recordSysLog(LogAop.java:60)\r\n	at sun.reflect.NativeMethodAccessorImpl.invoke0(Native Method)\r\n	at sun.reflect.NativeMethodAccessorImpl.invoke(NativeMethodAccessorImpl.java:62)\r\n	at sun.reflect.DelegatingMethodAccessorImpl.invoke(DelegatingMethodAccessorImpl.java:43)\r\n	at java.lang.reflect.Method.invoke(Method.java:498)\r\n	at org.springframework.aop.aspectj.AbstractAspectJAdvice.invokeAdviceMethodWithGivenArgs(AbstractAspectJAdvice.java:644)\r\n	at org.springframework.aop.aspectj.AbstractAspectJAdvice.invokeAdviceMethod(AbstractAspectJAdvice.java:633)\r\n	at org.springframework.aop.aspectj.AspectJAroundAdvice.invoke(AspectJAroundAdvice.java:70)\r\n	at org.springframework.aop.framework.ReflectiveMethodInvocation.proceed(ReflectiveMethodInvocation.java:175)\r\n	at org.springframework.aop.aspectj.MethodInvocationProceedingJoinPoint.proceed(MethodInvocationProceedingJoinPoint.java:88)\r\n	at cn.stylefeng.guns.core.aop.PermissionAop.doPermission(PermissionAop.java:62)\r\n	at sun.reflect.NativeMethodAccessorImpl.invoke0(Native Method)\r\n	at sun.reflect.NativeMethodAccessorImpl.invoke(NativeMethodAccessorImpl.java:62)\r\n	at sun.reflect.DelegatingMethodAccessorImpl.invoke(DelegatingMethodAccessorImpl.java:43)\r\n	at java.lang.reflect.Method.invoke(Method.java:498)\r\n	at org.springframework.aop.aspectj.AbstractAspectJAdvice.invokeAdviceMethodWithGivenArgs(AbstractAspectJAdvice.java:644)\r\n	at org.springframework.aop.aspectj.AbstractAspectJAdvice.invokeAdviceMethod(AbstractAspectJAdvice.java:633)\r\n	at org.springframework.aop.aspectj.AspectJAroundAdvice.invoke(AspectJAroundAdvice.java:70)\r\n	at org.springframework.aop.framework.ReflectiveMethodInvocation.proceed(ReflectiveMethodInvocation.java:175)\r\n	at org.springframework.aop.interceptor.ExposeInvocationInterceptor.invoke(ExposeInvocationInterceptor.java:93)\r\n	at org.springframework.aop.framework.ReflectiveMethodInvocation.proceed(ReflectiveMethodInvocation.java:186)\r\n	at org.springframework.aop.framework.CglibAopProxyTDynamicAdvisedInterceptor.intercept(CglibAopProxy.java:688)\r\n	at cn.stylefeng.guns.modular.system.controller.DeptControllerTTEnhancerBySpringCGLIBTT2da464eb.add(<generated>)\r\n	at sun.reflect.NativeMethodAccessorImpl.invoke0(Native Method)\r\n	at sun.reflect.NativeMethodAccessorImpl.invoke(NativeMethodAccessorImpl.java:62)\r\n	at sun.reflect.DelegatingMethodAccessorImpl.invoke(DelegatingMethodAccessorImpl.java:43)\r\n	at java.lang.reflect.Method.invoke(Method.java:498)\r\n	at org.springframework.web.method.support.InvocableHandlerMethod.doInvoke(InvocableHandlerMethod.java:189)\r\n	at org.springframework.web.method.support.InvocableHandlerMethod.invokeForRequest(InvocableHandlerMethod.java:138)\r\n	at org.springframework.web.servlet.mvc.method.annotation.ServletInvocableHandlerMethod.invokeAndHandle(ServletInvocableHandlerMethod.java:102)\r\n	at org.springframework.web.servlet.mvc.method.annotation.RequestMappingHandlerAdapter.invokeHandlerMethod(RequestMappingHandlerAdapter.java:895)\r\n	at org.springframework.web.servlet.mvc.method.annotation.RequestMappingHandlerAdapter.handleInternal(RequestMappingHandlerAdapter.java:800)\r\n	at org.springframework.web.servlet.mvc.method.AbstractHandlerMethodAdapter.handle(AbstractHandlerMethodAdapter.java:87)\r\n	at org.springframework.web.servlet.DispatcherServlet.doDispatch(DispatcherServlet.java:1038)\r\n	at org.springframework.web.servlet.DispatcherServlet.doService(DispatcherServlet.java:942)\r\n	at org.springframework.web.servlet.FrameworkServlet.processRequest(FrameworkServlet.java:1005)\r\n	at org.springframework.web.servlet.FrameworkServlet.doPost(FrameworkServlet.java:908)\r\n	at javax.servlet.http.HttpServlet.service(HttpServlet.java:660)\r\n	at org.springframework.web.servlet.FrameworkServlet.service(FrameworkServlet.java:882)\r\n	at javax.servlet.http.HttpServlet.service(HttpServlet.java:741)\r\n	at org.apache.catalina.core.ApplicationFilterChain.internalDoFilter(ApplicationFilterChain.java:231)\r\n	at org.apache.catalina.core.ApplicationFilterChain.doFilter(ApplicationFilterChain.java:166)\r\n	at org.apache.tomcat.websocket.server.WsFilter.doFilter(WsFilter.java:53)\r\n	at org.apache.catalina.core.ApplicationFilterChain.internalDoFilter(ApplicationFilterChain.java:193)\r\n	at org.apache.catalina.core.ApplicationFilterChain.doFilter(ApplicationFilterChain.java:166)\r\n	at org.apache.shiro.web.servlet.ProxiedFilterChain.doFilter(ProxiedFilterChain.java:61)\r\n	at org.apache.shiro.web.servlet.AdviceFilter.executeChain(AdviceFilter.java:108)\r\n	at org.apache.shiro.web.servlet.AdviceFilter.doFilterInternal(AdviceFilter.java:137)\r\n	at org.apache.shiro.web.servlet.OncePerRequestFilter.doFilter(OncePerRequestFilter.java:125)\r\n	at org.apache.shiro.web.servlet.ProxiedFilterChain.doFilter(ProxiedFilterChain.java:66)\r\n	at org.apache.shiro.web.servlet.AbstractShiroFilter.executeChain(AbstractShiroFilter.java:449)\r\n	at org.apache.shiro.web.servlet.AbstractShiroFilterT1.call(AbstractShiroFilter.java:365)\r\n	at org.apache.shiro.subject.support.SubjectCallable.doCall(SubjectCallable.java:90)\r\n	at org.apache.shiro.subject.support.SubjectCallable.call(SubjectCallable.java:83)\r\n	at org.apache.shiro.subject.support.DelegatingSubject.execute(DelegatingSubject.java:387)\r\n	at org.apache.shiro.web.servlet.AbstractShiroFilter.doFilterInternal(AbstractShiroFilter.java:362)\r\n	at org.apache.shiro.web.servlet.OncePerRequestFilter.doFilter(OncePerRequestFilter.java:125)\r\n	at org.apache.catalina.core.ApplicationFilterChain.internalDoFilter(ApplicationFilterChain.java:193)\r\n	at org.apache.catalina.core.ApplicationFilterChain.doFilter(ApplicationFilterChain.java:166)\r\n	at cn.stylefeng.roses.core.xss.XssFilter.doFilter(XssFilter.java:31)\r\n	at org.apache.catalina.core.ApplicationFilterChain.internalDoFilter(ApplicationFilterChain.java:193)\r\n	at org.apache.catalina.core.ApplicationFilterChain.doFilter(ApplicationFilterChain.java:166)\r\n	at com.alibaba.druid.support.http.WebStatFilter.doFilter(WebStatFilter.java:123)\r\n	at org.apache.catalina.core.ApplicationFilterChain.internalDoFilter(ApplicationFilterChain.java:193)\r\n	at org.apache.catalina.core.ApplicationFilterChain.doFilter(ApplicationFilterChain.java:166)\r\n	at org.springframework.web.filter.RequestContextFilter.doFilterInternal(RequestContextFilter.java:99)\r\n	at org.springframework.web.filter.OncePerRequestFilter.doFilter(OncePerRequestFilter.java:107)\r\n	at org.apache.catalina.core.ApplicationFilterChain.internalDoFilter(ApplicationFilterChain.java:193)\r\n	at org.apache.catalina.core.ApplicationFilterChain.doFilter(ApplicationFilterChain.java:166)\r\n	at org.springframework.web.filter.FormContentFilter.doFilterInternal(FormContentFilter.java:92)\r\n	at org.springframework.web.filter.OncePerRequestFilter.doFilter(OncePerRequestFilter.java:107)\r\n	at org.apache.catalina.core.ApplicationFilterChain.internalDoFilter(ApplicationFilterChain.java:193)\r\n	at org.apache.catalina.core.ApplicationFilterChain.doFilter(ApplicationFilterChain.java:166)\r\n	at org.springframework.web.filter.HiddenHttpMethodFilter.doFilterInternal(HiddenHttpMethodFilter.java:93)\r\n	at org.springframework.web.filter.OncePerRequestFilter.doFilter(OncePerRequestFilter.java:107)\r\n	at org.apache.catalina.core.ApplicationFilterChain.internalDoFilter(ApplicationFilterChain.java:193)\r\n	at org.apache.catalina.core.ApplicationFilterChain.doFilter(ApplicationFilterChain.java:166)\r\n	at org.springframework.web.filter.CharacterEncodingFilter.doFilterInternal(CharacterEncodingFilter.java:200)\r\n	at org.springframework.web.filter.OncePerRequestFilter.doFilter(OncePerRequestFilter.java:107)\r\n	at org.apache.catalina.core.ApplicationFilterChain.internalDoFilter(ApplicationFilterChain.java:193)\r\n	at org.apache.catalina.core.ApplicationFilterChain.doFilter(ApplicationFilterChain.java:166)\r\n	at org.apache.catalina.core.StandardWrapperValve.invoke(StandardWrapperValve.java:199)\r\n	at org.apache.catalina.core.StandardContextValve.invoke(StandardContextValve.java:96)\r\n	at org.apache.catalina.authenticator.AuthenticatorBase.invoke(AuthenticatorBase.java:490)\r\n	at org.apache.catalina.core.StandardHostValve.invoke(StandardHostValve.java:139)\r\n	at org.apache.catalina.valves.ErrorReportValve.invoke(ErrorReportValve.java:92)\r\n	at org.apache.catalina.core.StandardEngineValve.invoke(StandardEngineValve.java:74)\r\n	at org.apache.catalina.connector.CoyoteAdapter.service(CoyoteAdapter.java:343)\r\n	at org.apache.coyote.http11.Http11Processor.service(Http11Processor.java:408)\r\n	at org.apache.coyote.AbstractProcessorLight.process(AbstractProcessorLight.java:66)\r\n	at org.apache.coyote.AbstractProtocolTConnectionHandler.process(AbstractProtocol.java:791)\r\n	at org.apache.tomcat.util.net.NioEndpointTSocketProcessor.doRun(NioEndpoint.java:1417)\r\n	at org.apache.tomcat.util.net.SocketProcessorBase.run(SocketProcessorBase.java:49)\r\n	at java.util.concurrent.ThreadPoolExecutor.runWorker(ThreadPoolExecutor.java:1149)\r\n	at java.util.concurrent.ThreadPoolExecutorTWorker.run(ThreadPoolExecutor.java:624)\r\n	at org.apache.tomcat.util.threads.TaskThreadTWrappingRunnable.run(TaskThread.java:61)\r\n	at java.lang.Thread.run(Thread.java:748)\r\n');
INSERT INTO `sys_operation_log` VALUES (1191962597826605058, '异常日志', '', 1, NULL, NULL, '2019-11-06 14:16:44', '失败', 'cn.stylefeng.roses.kernel.model.exception.ServiceException: 请求有错误\r\n	at cn.stylefeng.guns.modular.system.service.DeptService.addDept(DeptService.java:44)\r\n	at cn.stylefeng.guns.modular.system.service.DeptServiceTTFastClassBySpringCGLIBTT346082cf.invoke(<generated>)\r\n	at org.springframework.cglib.proxy.MethodProxy.invoke(MethodProxy.java:218)\r\n	at org.springframework.aop.framework.CglibAopProxyTCglibMethodInvocation.invokeJoinpoint(CglibAopProxy.java:749)\r\n	at org.springframework.aop.framework.ReflectiveMethodInvocation.proceed(ReflectiveMethodInvocation.java:163)\r\n	at com.alibaba.druid.support.spring.stat.DruidStatInterceptor.invoke(DruidStatInterceptor.java:72)\r\n	at org.springframework.aop.framework.ReflectiveMethodInvocation.proceed(ReflectiveMethodInvocation.java:186)\r\n	at org.springframework.transaction.interceptor.TransactionAspectSupport.invokeWithinTransaction(TransactionAspectSupport.java:294)\r\n	at org.springframework.transaction.interceptor.TransactionInterceptor.invoke(TransactionInterceptor.java:98)\r\n	at org.springframework.aop.framework.ReflectiveMethodInvocation.proceed(ReflectiveMethodInvocation.java:186)\r\n	at org.springframework.aop.framework.CglibAopProxyTDynamicAdvisedInterceptor.intercept(CglibAopProxy.java:688)\r\n	at cn.stylefeng.guns.modular.system.service.DeptServiceTTEnhancerBySpringCGLIBTTe648f2b9.addDept(<generated>)\r\n	at cn.stylefeng.guns.modular.system.controller.DeptController.add(DeptController.java:153)\r\n	at cn.stylefeng.guns.modular.system.controller.DeptControllerTTFastClassBySpringCGLIBTTc591726b.invoke(<generated>)\r\n	at org.springframework.cglib.proxy.MethodProxy.invoke(MethodProxy.java:218)\r\n	at org.springframework.aop.framework.CglibAopProxyTCglibMethodInvocation.invokeJoinpoint(CglibAopProxy.java:749)\r\n	at org.springframework.aop.framework.ReflectiveMethodInvocation.proceed(ReflectiveMethodInvocation.java:163)\r\n	at org.springframework.aop.aspectj.MethodInvocationProceedingJoinPoint.proceed(MethodInvocationProceedingJoinPoint.java:88)\r\n	at cn.stylefeng.guns.core.interceptor.SessionHolderInterceptor.sessionKit(SessionHolderInterceptor.java:44)\r\n	at sun.reflect.GeneratedMethodAccessor106.invoke(Unknown Source)\r\n	at sun.reflect.DelegatingMethodAccessorImpl.invoke(DelegatingMethodAccessorImpl.java:43)\r\n	at java.lang.reflect.Method.invoke(Method.java:498)\r\n	at org.springframework.aop.aspectj.AbstractAspectJAdvice.invokeAdviceMethodWithGivenArgs(AbstractAspectJAdvice.java:644)\r\n	at org.springframework.aop.aspectj.AbstractAspectJAdvice.invokeAdviceMethod(AbstractAspectJAdvice.java:633)\r\n	at org.springframework.aop.aspectj.AspectJAroundAdvice.invoke(AspectJAroundAdvice.java:70)\r\n	at org.springframework.aop.framework.ReflectiveMethodInvocation.proceed(ReflectiveMethodInvocation.java:186)\r\n	at org.springframework.aop.aspectj.MethodInvocationProceedingJoinPoint.proceed(MethodInvocationProceedingJoinPoint.java:88)\r\n	at cn.stylefeng.guns.core.aop.LogAop.recordSysLog(LogAop.java:60)\r\n	at sun.reflect.NativeMethodAccessorImpl.invoke0(Native Method)\r\n	at sun.reflect.NativeMethodAccessorImpl.invoke(NativeMethodAccessorImpl.java:62)\r\n	at sun.reflect.DelegatingMethodAccessorImpl.invoke(DelegatingMethodAccessorImpl.java:43)\r\n	at java.lang.reflect.Method.invoke(Method.java:498)\r\n	at org.springframework.aop.aspectj.AbstractAspectJAdvice.invokeAdviceMethodWithGivenArgs(AbstractAspectJAdvice.java:644)\r\n	at org.springframework.aop.aspectj.AbstractAspectJAdvice.invokeAdviceMethod(AbstractAspectJAdvice.java:633)\r\n	at org.springframework.aop.aspectj.AspectJAroundAdvice.invoke(AspectJAroundAdvice.java:70)\r\n	at org.springframework.aop.framework.ReflectiveMethodInvocation.proceed(ReflectiveMethodInvocation.java:175)\r\n	at org.springframework.aop.aspectj.MethodInvocationProceedingJoinPoint.proceed(MethodInvocationProceedingJoinPoint.java:88)\r\n	at cn.stylefeng.guns.core.aop.PermissionAop.doPermission(PermissionAop.java:62)\r\n	at sun.reflect.NativeMethodAccessorImpl.invoke0(Native Method)\r\n	at sun.reflect.NativeMethodAccessorImpl.invoke(NativeMethodAccessorImpl.java:62)\r\n	at sun.reflect.DelegatingMethodAccessorImpl.invoke(DelegatingMethodAccessorImpl.java:43)\r\n	at java.lang.reflect.Method.invoke(Method.java:498)\r\n	at org.springframework.aop.aspectj.AbstractAspectJAdvice.invokeAdviceMethodWithGivenArgs(AbstractAspectJAdvice.java:644)\r\n	at org.springframework.aop.aspectj.AbstractAspectJAdvice.invokeAdviceMethod(AbstractAspectJAdvice.java:633)\r\n	at org.springframework.aop.aspectj.AspectJAroundAdvice.invoke(AspectJAroundAdvice.java:70)\r\n	at org.springframework.aop.framework.ReflectiveMethodInvocation.proceed(ReflectiveMethodInvocation.java:175)\r\n	at org.springframework.aop.interceptor.ExposeInvocationInterceptor.invoke(ExposeInvocationInterceptor.java:93)\r\n	at org.springframework.aop.framework.ReflectiveMethodInvocation.proceed(ReflectiveMethodInvocation.java:186)\r\n	at org.springframework.aop.framework.CglibAopProxyTDynamicAdvisedInterceptor.intercept(CglibAopProxy.java:688)\r\n	at cn.stylefeng.guns.modular.system.controller.DeptControllerTTEnhancerBySpringCGLIBTT2da464eb.add(<generated>)\r\n	at sun.reflect.NativeMethodAccessorImpl.invoke0(Native Method)\r\n	at sun.reflect.NativeMethodAccessorImpl.invoke(NativeMethodAccessorImpl.java:62)\r\n	at sun.reflect.DelegatingMethodAccessorImpl.invoke(DelegatingMethodAccessorImpl.java:43)\r\n	at java.lang.reflect.Method.invoke(Method.java:498)\r\n	at org.springframework.web.method.support.InvocableHandlerMethod.doInvoke(InvocableHandlerMethod.java:189)\r\n	at org.springframework.web.method.support.InvocableHandlerMethod.invokeForRequest(InvocableHandlerMethod.java:138)\r\n	at org.springframework.web.servlet.mvc.method.annotation.ServletInvocableHandlerMethod.invokeAndHandle(ServletInvocableHandlerMethod.java:102)\r\n	at org.springframework.web.servlet.mvc.method.annotation.RequestMappingHandlerAdapter.invokeHandlerMethod(RequestMappingHandlerAdapter.java:895)\r\n	at org.springframework.web.servlet.mvc.method.annotation.RequestMappingHandlerAdapter.handleInternal(RequestMappingHandlerAdapter.java:800)\r\n	at org.springframework.web.servlet.mvc.method.AbstractHandlerMethodAdapter.handle(AbstractHandlerMethodAdapter.java:87)\r\n	at org.springframework.web.servlet.DispatcherServlet.doDispatch(DispatcherServlet.java:1038)\r\n	at org.springframework.web.servlet.DispatcherServlet.doService(DispatcherServlet.java:942)\r\n	at org.springframework.web.servlet.FrameworkServlet.processRequest(FrameworkServlet.java:1005)\r\n	at org.springframework.web.servlet.FrameworkServlet.doPost(FrameworkServlet.java:908)\r\n	at javax.servlet.http.HttpServlet.service(HttpServlet.java:660)\r\n	at org.springframework.web.servlet.FrameworkServlet.service(FrameworkServlet.java:882)\r\n	at javax.servlet.http.HttpServlet.service(HttpServlet.java:741)\r\n	at org.apache.catalina.core.ApplicationFilterChain.internalDoFilter(ApplicationFilterChain.java:231)\r\n	at org.apache.catalina.core.ApplicationFilterChain.doFilter(ApplicationFilterChain.java:166)\r\n	at org.apache.tomcat.websocket.server.WsFilter.doFilter(WsFilter.java:53)\r\n	at org.apache.catalina.core.ApplicationFilterChain.internalDoFilter(ApplicationFilterChain.java:193)\r\n	at org.apache.catalina.core.ApplicationFilterChain.doFilter(ApplicationFilterChain.java:166)\r\n	at org.apache.shiro.web.servlet.ProxiedFilterChain.doFilter(ProxiedFilterChain.java:61)\r\n	at org.apache.shiro.web.servlet.AdviceFilter.executeChain(AdviceFilter.java:108)\r\n	at org.apache.shiro.web.servlet.AdviceFilter.doFilterInternal(AdviceFilter.java:137)\r\n	at org.apache.shiro.web.servlet.OncePerRequestFilter.doFilter(OncePerRequestFilter.java:125)\r\n	at org.apache.shiro.web.servlet.ProxiedFilterChain.doFilter(ProxiedFilterChain.java:66)\r\n	at org.apache.shiro.web.servlet.AbstractShiroFilter.executeChain(AbstractShiroFilter.java:449)\r\n	at org.apache.shiro.web.servlet.AbstractShiroFilterT1.call(AbstractShiroFilter.java:365)\r\n	at org.apache.shiro.subject.support.SubjectCallable.doCall(SubjectCallable.java:90)\r\n	at org.apache.shiro.subject.support.SubjectCallable.call(SubjectCallable.java:83)\r\n	at org.apache.shiro.subject.support.DelegatingSubject.execute(DelegatingSubject.java:387)\r\n	at org.apache.shiro.web.servlet.AbstractShiroFilter.doFilterInternal(AbstractShiroFilter.java:362)\r\n	at org.apache.shiro.web.servlet.OncePerRequestFilter.doFilter(OncePerRequestFilter.java:125)\r\n	at org.apache.catalina.core.ApplicationFilterChain.internalDoFilter(ApplicationFilterChain.java:193)\r\n	at org.apache.catalina.core.ApplicationFilterChain.doFilter(ApplicationFilterChain.java:166)\r\n	at cn.stylefeng.roses.core.xss.XssFilter.doFilter(XssFilter.java:31)\r\n	at org.apache.catalina.core.ApplicationFilterChain.internalDoFilter(ApplicationFilterChain.java:193)\r\n	at org.apache.catalina.core.ApplicationFilterChain.doFilter(ApplicationFilterChain.java:166)\r\n	at com.alibaba.druid.support.http.WebStatFilter.doFilter(WebStatFilter.java:123)\r\n	at org.apache.catalina.core.ApplicationFilterChain.internalDoFilter(ApplicationFilterChain.java:193)\r\n	at org.apache.catalina.core.ApplicationFilterChain.doFilter(ApplicationFilterChain.java:166)\r\n	at org.springframework.web.filter.RequestContextFilter.doFilterInternal(RequestContextFilter.java:99)\r\n	at org.springframework.web.filter.OncePerRequestFilter.doFilter(OncePerRequestFilter.java:107)\r\n	at org.apache.catalina.core.ApplicationFilterChain.internalDoFilter(ApplicationFilterChain.java:193)\r\n	at org.apache.catalina.core.ApplicationFilterChain.doFilter(ApplicationFilterChain.java:166)\r\n	at org.springframework.web.filter.FormContentFilter.doFilterInternal(FormContentFilter.java:92)\r\n	at org.springframework.web.filter.OncePerRequestFilter.doFilter(OncePerRequestFilter.java:107)\r\n	at org.apache.catalina.core.ApplicationFilterChain.internalDoFilter(ApplicationFilterChain.java:193)\r\n	at org.apache.catalina.core.ApplicationFilterChain.doFilter(ApplicationFilterChain.java:166)\r\n	at org.springframework.web.filter.HiddenHttpMethodFilter.doFilterInternal(HiddenHttpMethodFilter.java:93)\r\n	at org.springframework.web.filter.OncePerRequestFilter.doFilter(OncePerRequestFilter.java:107)\r\n	at org.apache.catalina.core.ApplicationFilterChain.internalDoFilter(ApplicationFilterChain.java:193)\r\n	at org.apache.catalina.core.ApplicationFilterChain.doFilter(ApplicationFilterChain.java:166)\r\n	at org.springframework.web.filter.CharacterEncodingFilter.doFilterInternal(CharacterEncodingFilter.java:200)\r\n	at org.springframework.web.filter.OncePerRequestFilter.doFilter(OncePerRequestFilter.java:107)\r\n	at org.apache.catalina.core.ApplicationFilterChain.internalDoFilter(ApplicationFilterChain.java:193)\r\n	at org.apache.catalina.core.ApplicationFilterChain.doFilter(ApplicationFilterChain.java:166)\r\n	at org.apache.catalina.core.StandardWrapperValve.invoke(StandardWrapperValve.java:199)\r\n	at org.apache.catalina.core.StandardContextValve.invoke(StandardContextValve.java:96)\r\n	at org.apache.catalina.authenticator.AuthenticatorBase.invoke(AuthenticatorBase.java:490)\r\n	at org.apache.catalina.core.StandardHostValve.invoke(StandardHostValve.java:139)\r\n	at org.apache.catalina.valves.ErrorReportValve.invoke(ErrorReportValve.java:92)\r\n	at org.apache.catalina.core.StandardEngineValve.invoke(StandardEngineValve.java:74)\r\n	at org.apache.catalina.connector.CoyoteAdapter.service(CoyoteAdapter.java:343)\r\n	at org.apache.coyote.http11.Http11Processor.service(Http11Processor.java:408)\r\n	at org.apache.coyote.AbstractProcessorLight.process(AbstractProcessorLight.java:66)\r\n	at org.apache.coyote.AbstractProtocolTConnectionHandler.process(AbstractProtocol.java:791)\r\n	at org.apache.tomcat.util.net.NioEndpointTSocketProcessor.doRun(NioEndpoint.java:1417)\r\n	at org.apache.tomcat.util.net.SocketProcessorBase.run(SocketProcessorBase.java:49)\r\n	at java.util.concurrent.ThreadPoolExecutor.runWorker(ThreadPoolExecutor.java:1149)\r\n	at java.util.concurrent.ThreadPoolExecutorTWorker.run(ThreadPoolExecutor.java:624)\r\n	at org.apache.tomcat.util.threads.TaskThreadTWrappingRunnable.run(TaskThread.java:61)\r\n	at java.lang.Thread.run(Thread.java:748)\r\n');
INSERT INTO `sys_operation_log` VALUES (1191962957676916737, '业务日志', '修改管理员', 1, 'cn.stylefeng.guns.modular.system.controller.UserMgrController', 'edit', '2019-11-06 14:18:09', '成功', '账号=admin;;;字段名称:部门名称,旧值:开发部,新值:研发技术部');
INSERT INTO `sys_operation_log` VALUES (1191971805913501698, '业务日志', '菜单新增', 1, 'cn.stylefeng.guns.modular.system.controller.MenuController', 'add', '2019-11-06 14:53:19', '成功', '菜单名称=首页');
INSERT INTO `sys_operation_log` VALUES (1191971885085184002, '业务日志', '菜单新增', 1, 'cn.stylefeng.guns.modular.system.controller.MenuController', 'add', '2019-11-06 14:53:38', '成功', '菜单名称=数据');
INSERT INTO `sys_operation_log` VALUES (1191972085275119618, '业务日志', '菜单新增', 1, 'cn.stylefeng.guns.modular.system.controller.MenuController', 'add', '2019-11-06 14:54:26', '成功', '菜单名称=情报');
INSERT INTO `sys_operation_log` VALUES (1191972210500259842, '业务日志', '菜单新增', 1, 'cn.stylefeng.guns.modular.system.controller.MenuController', 'add', '2019-11-06 14:54:55', '成功', '菜单名称=分析');
INSERT INTO `sys_operation_log` VALUES (1191972318491004929, '业务日志', '菜单新增', 1, 'cn.stylefeng.guns.modular.system.controller.MenuController', 'add', '2019-11-06 14:55:21', '成功', '菜单名称=平台管理');
INSERT INTO `sys_operation_log` VALUES (1191972391039881217, '业务日志', '配置权限', 1, 'cn.stylefeng.guns.modular.system.controller.RoleController', 'setAuthority', '2019-11-06 14:55:38', '成功', '角色名称=超级管理员,资源名称=系统管理,用户管理,添加用户,修改用户,删除用户,重置密码,冻结用户,解除冻结用户,分配角色,分配角色跳转,编辑用户跳转,用户列表,角色管理,添加角色,修改角色,删除角色,配置权限,修改角色跳转,角色分配跳转,角色列表,菜单管理,添加菜单,修改菜单,删除菜单,菜单编辑跳转,菜单列表,业务日志,清空日志,日志列表,日志详情,监控管理,部门管理,添加部门,修改部门,删除部门,修改部门跳转,部门列表,部门详情,字典管理,添加字典,修改字典,删除字典,修改菜单跳转,字典列表,字典详情,登录日志,清空登录日志,登录日志列表,通知管理,添加通知,修改通知,删除通知,主控面板,消息通知,项目介绍,统计报表,首页,数据,情报,分析,平台管理');
INSERT INTO `sys_operation_log` VALUES (1191973898812411905, '业务日志', '配置权限', 1, 'cn.stylefeng.guns.modular.system.controller.RoleController', 'setAuthority', '2019-11-06 15:01:38', '成功', '角色名称=超级管理员,资源名称=系统管理,用户管理,添加用户,修改用户,删除用户,重置密码,冻结用户,解除冻结用户,分配角色,分配角色跳转,编辑用户跳转,用户列表,角色管理,添加角色,修改角色,删除角色,配置权限,修改角色跳转,角色分配跳转,角色列表,菜单管理,添加菜单,修改菜单,删除菜单,菜单编辑跳转,菜单列表,业务日志,清空日志,日志列表,日志详情,监控管理,部门管理,添加部门,修改部门,删除部门,修改部门跳转,部门列表,部门详情,字典管理,添加字典,修改字典,删除字典,修改菜单跳转,字典列表,字典详情,登录日志,清空登录日志,登录日志列表,通知管理,添加通知,修改通知,删除通知,首页,数据,情报,分析,平台管理');
INSERT INTO `sys_operation_log` VALUES (1192246711729307650, '业务日志', '菜单新增', 1, 'cn.stylefeng.guns.modular.system.controller.MenuController', 'add', '2019-11-07 09:05:42', '成功', '菜单名称=国内数据库');
INSERT INTO `sys_operation_log` VALUES (1192246782248140802, '业务日志', '菜单新增', 1, 'cn.stylefeng.guns.modular.system.controller.MenuController', 'add', '2019-11-07 09:05:58', '成功', '菜单名称=国际数据库');
INSERT INTO `sys_operation_log` VALUES (1192246849155678209, '业务日志', '菜单新增', 1, 'cn.stylefeng.guns.modular.system.controller.MenuController', 'add', '2019-11-07 09:06:14', '成功', '菜单名称=行业数据库');
INSERT INTO `sys_operation_log` VALUES (1192246926968406017, '业务日志', '菜单新增', 1, 'cn.stylefeng.guns.modular.system.controller.MenuController', 'add', '2019-11-07 09:06:33', '成功', '菜单名称=企业数据库');
INSERT INTO `sys_operation_log` VALUES (1192247069499244545, '业务日志', '菜单新增', 1, 'cn.stylefeng.guns.modular.system.controller.MenuController', 'add', '2019-11-07 09:07:07', '成功', '菜单名称=DICT数据库');
INSERT INTO `sys_operation_log` VALUES (1192247151380447234, '业务日志', '菜单新增', 1, 'cn.stylefeng.guns.modular.system.controller.MenuController', 'add', '2019-11-07 09:07:26', '成功', '菜单名称=市场数据库');
INSERT INTO `sys_operation_log` VALUES (1192247535557722113, '业务日志', '配置权限', 1, 'cn.stylefeng.guns.modular.system.controller.RoleController', 'setAuthority', '2019-11-07 09:08:58', '成功', '角色名称=超级管理员,资源名称=系统管理,用户管理,添加用户,修改用户,删除用户,重置密码,冻结用户,解除冻结用户,分配角色,分配角色跳转,编辑用户跳转,用户列表,角色管理,添加角色,修改角色,删除角色,配置权限,修改角色跳转,角色分配跳转,角色列表,菜单管理,添加菜单,修改菜单,删除菜单,菜单编辑跳转,菜单列表,业务日志,清空日志,日志列表,日志详情,监控管理,部门管理,添加部门,修改部门,删除部门,修改部门跳转,部门列表,部门详情,字典管理,添加字典,修改字典,删除字典,修改菜单跳转,字典列表,字典详情,登录日志,清空登录日志,登录日志列表,通知管理,添加通知,修改通知,删除通知,首页,数据,国内数据库,国际数据库,行业数据库,企业数据库,DICT数据库,市场数据库,情报,分析,平台管理');
INSERT INTO `sys_operation_log` VALUES (1192247753627975682, '业务日志', '菜单新增', 1, 'cn.stylefeng.guns.modular.system.controller.MenuController', 'add', '2019-11-07 09:09:50', '成功', '菜单名称=工具');
INSERT INTO `sys_operation_log` VALUES (1192247823458942977, '业务日志', '修改菜单', 1, 'cn.stylefeng.guns.modular.system.controller.MenuController', 'edit', '2019-11-07 09:10:07', '成功', '菜单名称=平台管理;;;字段名称:菜单排序号,旧值:4,新值:5');
INSERT INTO `sys_operation_log` VALUES (1192247851900518401, '业务日志', '修改菜单', 1, 'cn.stylefeng.guns.modular.system.controller.MenuController', 'edit', '2019-11-07 09:10:13', '成功', '菜单名称=工具;;;字段名称:菜单排序号,旧值:2,新值:4');
INSERT INTO `sys_operation_log` VALUES (1192247975737344002, '业务日志', '菜单新增', 1, 'cn.stylefeng.guns.modular.system.controller.MenuController', 'add', '2019-11-07 09:10:43', '成功', '菜单名称=方法库');
INSERT INTO `sys_operation_log` VALUES (1192248028237447169, '业务日志', '菜单新增', 1, 'cn.stylefeng.guns.modular.system.controller.MenuController', 'add', '2019-11-07 09:10:55', '成功', '菜单名称=案例库');
INSERT INTO `sys_operation_log` VALUES (1192248084759887873, '业务日志', '配置权限', 1, 'cn.stylefeng.guns.modular.system.controller.RoleController', 'setAuthority', '2019-11-07 09:11:09', '成功', '角色名称=超级管理员,资源名称=系统管理,用户管理,添加用户,修改用户,删除用户,重置密码,冻结用户,解除冻结用户,分配角色,分配角色跳转,编辑用户跳转,用户列表,角色管理,添加角色,修改角色,删除角色,配置权限,修改角色跳转,角色分配跳转,角色列表,菜单管理,添加菜单,修改菜单,删除菜单,菜单编辑跳转,菜单列表,业务日志,清空日志,日志列表,日志详情,监控管理,部门管理,添加部门,修改部门,删除部门,修改部门跳转,部门列表,部门详情,字典管理,添加字典,修改字典,删除字典,修改菜单跳转,字典列表,字典详情,登录日志,清空登录日志,登录日志列表,通知管理,添加通知,修改通知,删除通知,首页,数据,国内数据库,国际数据库,行业数据库,企业数据库,DICT数据库,市场数据库,情报,分析,平台管理,工具,方法库,案例库');
INSERT INTO `sys_operation_log` VALUES (1192248400452567041, '业务日志', '配置权限', 1, 'cn.stylefeng.guns.modular.system.controller.RoleController', 'setAuthority', '2019-11-07 09:12:24', '成功', '角色名称=超级管理员,资源名称=系统管理,用户管理,添加用户,修改用户,删除用户,重置密码,冻结用户,解除冻结用户,分配角色,分配角色跳转,编辑用户跳转,用户列表,角色管理,添加角色,修改角色,删除角色,配置权限,修改角色跳转,角色分配跳转,角色列表,菜单管理,添加菜单,修改菜单,删除菜单,菜单编辑跳转,菜单列表,部门管理,添加部门,修改部门,删除部门,修改部门跳转,部门列表,部门详情,字典管理,添加字典,修改字典,删除字典,修改菜单跳转,字典列表,字典详情,首页,数据,国内数据库,国际数据库,行业数据库,企业数据库,DICT数据库,市场数据库,情报,分析,平台管理,工具,方法库,案例库');
INSERT INTO `sys_operation_log` VALUES (1192248473869664258, '业务日志', '删除菜单', 1, 'cn.stylefeng.guns.modular.system.controller.MenuController', 'remove', '2019-11-07 09:12:42', '成功', '菜单名称=平台管理');
INSERT INTO `sys_operation_log` VALUES (1192248509504471042, '业务日志', '修改菜单', 1, 'cn.stylefeng.guns.modular.system.controller.MenuController', 'edit', '2019-11-07 09:12:50', '成功', '菜单名称=平台管理;;;字段名称:菜单名称,旧值:系统管理,新值:平台管理');
INSERT INTO `sys_operation_log` VALUES (1192248628152942594, '业务日志', '菜单新增', 1, 'cn.stylefeng.guns.modular.system.controller.MenuController', 'add', '2019-11-07 09:13:19', '成功', '菜单名称=分词管理');
INSERT INTO `sys_operation_log` VALUES (1192248716514344962, '业务日志', '菜单新增', 1, 'cn.stylefeng.guns.modular.system.controller.MenuController', 'add', '2019-11-07 09:13:40', '成功', '菜单名称=数据管理');
INSERT INTO `sys_operation_log` VALUES (1192248797246308354, '业务日志', '菜单新增', 1, 'cn.stylefeng.guns.modular.system.controller.MenuController', 'add', '2019-11-07 09:13:59', '成功', '菜单名称=爬虫管理');
INSERT INTO `sys_operation_log` VALUES (1192248880083812353, '业务日志', '菜单新增', 1, 'cn.stylefeng.guns.modular.system.controller.MenuController', 'add', '2019-11-07 09:14:19', '成功', '菜单名称=平台管理');
INSERT INTO `sys_operation_log` VALUES (1192248938736959490, '业务日志', '配置权限', 1, 'cn.stylefeng.guns.modular.system.controller.RoleController', 'setAuthority', '2019-11-07 09:14:33', '成功', '角色名称=超级管理员,资源名称=平台管理,用户管理,添加用户,修改用户,删除用户,重置密码,冻结用户,解除冻结用户,分配角色,分配角色跳转,编辑用户跳转,用户列表,角色管理,添加角色,修改角色,删除角色,配置权限,修改角色跳转,角色分配跳转,角色列表,菜单管理,添加菜单,修改菜单,删除菜单,菜单编辑跳转,菜单列表,部门管理,添加部门,修改部门,删除部门,修改部门跳转,部门列表,部门详情,字典管理,添加字典,修改字典,删除字典,修改菜单跳转,字典列表,字典详情,分词管理,数据管理,爬虫管理,平台管理,首页,数据,国内数据库,国际数据库,行业数据库,企业数据库,DICT数据库,市场数据库,情报,分析,工具,方法库,案例库');
INSERT INTO `sys_operation_log` VALUES (1192270173248184321, '业务日志', '修改菜单', 1, 'cn.stylefeng.guns.modular.system.controller.MenuController', 'edit', '2019-11-07 10:38:55', '成功', '菜单名称=情报;;;字段名称:url地址,旧值:/,新值:/intelligence');
INSERT INTO `sys_operation_log` VALUES (1192270261794136065, '业务日志', '修改菜单', 1, 'cn.stylefeng.guns.modular.system.controller.MenuController', 'edit', '2019-11-07 10:39:16', '成功', '菜单名称=分析;;;字段名称:url地址,旧值:/,新值:/analysis');
INSERT INTO `sys_operation_log` VALUES (1192393214112423937, '异常日志', '', 1, NULL, NULL, '2019-11-07 18:47:50', '失败', 'org.springframework.web.method.annotation.MethodArgumentTypeMismatchException: Failed to convert value of type \'java.lang.String\' to required type \'java.lang.Long\'; nested exception is java.lang.NumberFormatException: For input string: \"undefined\"\r\n	at org.springframework.web.method.annotation.AbstractNamedValueMethodArgumentResolver.resolveArgument(AbstractNamedValueMethodArgumentResolver.java:132)\r\n	at org.springframework.web.method.support.HandlerMethodArgumentResolverComposite.resolveArgument(HandlerMethodArgumentResolverComposite.java:126)\r\n	at org.springframework.web.method.support.InvocableHandlerMethod.getMethodArgumentValues(InvocableHandlerMethod.java:166)\r\n	at org.springframework.web.method.support.InvocableHandlerMethod.invokeForRequest(InvocableHandlerMethod.java:134)\r\n	at org.springframework.web.servlet.mvc.method.annotation.ServletInvocableHandlerMethod.invokeAndHandle(ServletInvocableHandlerMethod.java:102)\r\n	at org.springframework.web.servlet.mvc.method.annotation.RequestMappingHandlerAdapter.invokeHandlerMethod(RequestMappingHandlerAdapter.java:895)\r\n	at org.springframework.web.servlet.mvc.method.annotation.RequestMappingHandlerAdapter.handleInternal(RequestMappingHandlerAdapter.java:800)\r\n	at org.springframework.web.servlet.mvc.method.AbstractHandlerMethodAdapter.handle(AbstractHandlerMethodAdapter.java:87)\r\n	at org.springframework.web.servlet.DispatcherServlet.doDispatch(DispatcherServlet.java:1038)\r\n	at org.springframework.web.servlet.DispatcherServlet.doService(DispatcherServlet.java:942)\r\n	at org.springframework.web.servlet.FrameworkServlet.processRequest(FrameworkServlet.java:1005)\r\n	at org.springframework.web.servlet.FrameworkServlet.doGet(FrameworkServlet.java:897)\r\n	at javax.servlet.http.HttpServlet.service(HttpServlet.java:634)\r\n	at org.springframework.web.servlet.FrameworkServlet.service(FrameworkServlet.java:882)\r\n	at javax.servlet.http.HttpServlet.service(HttpServlet.java:741)\r\n	at org.apache.catalina.core.ApplicationFilterChain.internalDoFilter(ApplicationFilterChain.java:231)\r\n	at org.apache.catalina.core.ApplicationFilterChain.doFilter(ApplicationFilterChain.java:166)\r\n	at org.apache.tomcat.websocket.server.WsFilter.doFilter(WsFilter.java:53)\r\n	at org.apache.catalina.core.ApplicationFilterChain.internalDoFilter(ApplicationFilterChain.java:193)\r\n	at org.apache.catalina.core.ApplicationFilterChain.doFilter(ApplicationFilterChain.java:166)\r\n	at org.apache.shiro.web.servlet.ProxiedFilterChain.doFilter(ProxiedFilterChain.java:61)\r\n	at org.apache.shiro.web.servlet.AdviceFilter.executeChain(AdviceFilter.java:108)\r\n	at org.apache.shiro.web.servlet.AdviceFilter.doFilterInternal(AdviceFilter.java:137)\r\n	at org.apache.shiro.web.servlet.OncePerRequestFilter.doFilter(OncePerRequestFilter.java:125)\r\n	at org.apache.shiro.web.servlet.ProxiedFilterChain.doFilter(ProxiedFilterChain.java:66)\r\n	at org.apache.shiro.web.servlet.AbstractShiroFilter.executeChain(AbstractShiroFilter.java:449)\r\n	at org.apache.shiro.web.servlet.AbstractShiroFilterT1.call(AbstractShiroFilter.java:365)\r\n	at org.apache.shiro.subject.support.SubjectCallable.doCall(SubjectCallable.java:90)\r\n	at org.apache.shiro.subject.support.SubjectCallable.call(SubjectCallable.java:83)\r\n	at org.apache.shiro.subject.support.DelegatingSubject.execute(DelegatingSubject.java:387)\r\n	at org.apache.shiro.web.servlet.AbstractShiroFilter.doFilterInternal(AbstractShiroFilter.java:362)\r\n	at org.apache.shiro.web.servlet.OncePerRequestFilter.doFilter(OncePerRequestFilter.java:125)\r\n	at org.apache.catalina.core.ApplicationFilterChain.internalDoFilter(ApplicationFilterChain.java:193)\r\n	at org.apache.catalina.core.ApplicationFilterChain.doFilter(ApplicationFilterChain.java:166)\r\n	at cn.stylefeng.roses.core.xss.XssFilter.doFilter(XssFilter.java:31)\r\n	at org.apache.catalina.core.ApplicationFilterChain.internalDoFilter(ApplicationFilterChain.java:193)\r\n	at org.apache.catalina.core.ApplicationFilterChain.doFilter(ApplicationFilterChain.java:166)\r\n	at com.alibaba.druid.support.http.WebStatFilter.doFilter(WebStatFilter.java:123)\r\n	at org.apache.catalina.core.ApplicationFilterChain.internalDoFilter(ApplicationFilterChain.java:193)\r\n	at org.apache.catalina.core.ApplicationFilterChain.doFilter(ApplicationFilterChain.java:166)\r\n	at org.springframework.web.filter.RequestContextFilter.doFilterInternal(RequestContextFilter.java:99)\r\n	at org.springframework.web.filter.OncePerRequestFilter.doFilter(OncePerRequestFilter.java:107)\r\n	at org.apache.catalina.core.ApplicationFilterChain.internalDoFilter(ApplicationFilterChain.java:193)\r\n	at org.apache.catalina.core.ApplicationFilterChain.doFilter(ApplicationFilterChain.java:166)\r\n	at org.springframework.web.filter.FormContentFilter.doFilterInternal(FormContentFilter.java:92)\r\n	at org.springframework.web.filter.OncePerRequestFilter.doFilter(OncePerRequestFilter.java:107)\r\n	at org.apache.catalina.core.ApplicationFilterChain.internalDoFilter(ApplicationFilterChain.java:193)\r\n	at org.apache.catalina.core.ApplicationFilterChain.doFilter(ApplicationFilterChain.java:166)\r\n	at org.springframework.web.filter.HiddenHttpMethodFilter.doFilterInternal(HiddenHttpMethodFilter.java:93)\r\n	at org.springframework.web.filter.OncePerRequestFilter.doFilter(OncePerRequestFilter.java:107)\r\n	at org.apache.catalina.core.ApplicationFilterChain.internalDoFilter(ApplicationFilterChain.java:193)\r\n	at org.apache.catalina.core.ApplicationFilterChain.doFilter(ApplicationFilterChain.java:166)\r\n	at org.springframework.web.filter.CharacterEncodingFilter.doFilterInternal(CharacterEncodingFilter.java:200)\r\n	at org.springframework.web.filter.OncePerRequestFilter.doFilter(OncePerRequestFilter.java:107)\r\n	at org.apache.catalina.core.ApplicationFilterChain.internalDoFilter(ApplicationFilterChain.java:193)\r\n	at org.apache.catalina.core.ApplicationFilterChain.doFilter(ApplicationFilterChain.java:166)\r\n	at org.apache.catalina.core.StandardWrapperValve.invoke(StandardWrapperValve.java:199)\r\n	at org.apache.catalina.core.StandardContextValve.invoke(StandardContextValve.java:96)\r\n	at org.apache.catalina.authenticator.AuthenticatorBase.invoke(AuthenticatorBase.java:490)\r\n	at org.apache.catalina.core.StandardHostValve.invoke(StandardHostValve.java:139)\r\n	at org.apache.catalina.valves.ErrorReportValve.invoke(ErrorReportValve.java:92)\r\n	at org.apache.catalina.core.StandardEngineValve.invoke(StandardEngineValve.java:74)\r\n	at org.apache.catalina.connector.CoyoteAdapter.service(CoyoteAdapter.java:343)\r\n	at org.apache.coyote.http11.Http11Processor.service(Http11Processor.java:408)\r\n	at org.apache.coyote.AbstractProcessorLight.process(AbstractProcessorLight.java:66)\r\n	at org.apache.coyote.AbstractProtocolTConnectionHandler.process(AbstractProtocol.java:791)\r\n	at org.apache.tomcat.util.net.NioEndpointTSocketProcessor.doRun(NioEndpoint.java:1417)\r\n	at org.apache.tomcat.util.net.SocketProcessorBase.run(SocketProcessorBase.java:49)\r\n	at java.util.concurrent.ThreadPoolExecutor.runWorker(ThreadPoolExecutor.java:1149)\r\n	at java.util.concurrent.ThreadPoolExecutorTWorker.run(ThreadPoolExecutor.java:624)\r\n	at org.apache.tomcat.util.threads.TaskThreadTWrappingRunnable.run(TaskThread.java:61)\r\n	at java.lang.Thread.run(Thread.java:748)\r\nCaused by: java.lang.NumberFormatException: For input string: \"undefined\"\r\n	at java.lang.NumberFormatException.forInputString(NumberFormatException.java:65)\r\n	at java.lang.Long.parseLong(Long.java:589)\r\n	at java.lang.Long.valueOf(Long.java:803)\r\n	at org.springframework.util.NumberUtils.parseNumber(NumberUtils.java:213)\r\n	at org.springframework.beans.propertyeditors.CustomNumberEditor.setAsText(CustomNumberEditor.java:115)\r\n	at org.springframework.beans.TypeConverterDelegate.doConvertTextValue(TypeConverterDelegate.java:466)\r\n	at org.springframework.beans.TypeConverterDelegate.doConvertValue(TypeConverterDelegate.java:439)\r\n	at org.springframework.beans.TypeConverterDelegate.convertIfNecessary(TypeConverterDelegate.java:192)\r\n	at org.springframework.beans.TypeConverterDelegate.convertIfNecessary(TypeConverterDelegate.java:99)\r\n	at org.springframework.beans.TypeConverterSupport.doConvert(TypeConverterSupport.java:73)\r\n	at org.springframework.beans.TypeConverterSupport.convertIfNecessary(TypeConverterSupport.java:52)\r\n	at org.springframework.validation.DataBinder.convertIfNecessary(DataBinder.java:692)\r\n	at org.springframework.web.method.annotation.AbstractNamedValueMethodArgumentResolver.resolveArgument(AbstractNamedValueMethodArgumentResolver.java:124)\r\n	... 71 more\r\n');
INSERT INTO `sys_operation_log` VALUES (1192393224568823809, '异常日志', '', 1, NULL, NULL, '2019-11-07 18:47:53', '失败', 'org.springframework.web.method.annotation.MethodArgumentTypeMismatchException: Failed to convert value of type \'java.lang.String\' to required type \'java.lang.Long\'; nested exception is java.lang.NumberFormatException: For input string: \"undefined\"\r\n	at org.springframework.web.method.annotation.AbstractNamedValueMethodArgumentResolver.resolveArgument(AbstractNamedValueMethodArgumentResolver.java:132)\r\n	at org.springframework.web.method.support.HandlerMethodArgumentResolverComposite.resolveArgument(HandlerMethodArgumentResolverComposite.java:126)\r\n	at org.springframework.web.method.support.InvocableHandlerMethod.getMethodArgumentValues(InvocableHandlerMethod.java:166)\r\n	at org.springframework.web.method.support.InvocableHandlerMethod.invokeForRequest(InvocableHandlerMethod.java:134)\r\n	at org.springframework.web.servlet.mvc.method.annotation.ServletInvocableHandlerMethod.invokeAndHandle(ServletInvocableHandlerMethod.java:102)\r\n	at org.springframework.web.servlet.mvc.method.annotation.RequestMappingHandlerAdapter.invokeHandlerMethod(RequestMappingHandlerAdapter.java:895)\r\n	at org.springframework.web.servlet.mvc.method.annotation.RequestMappingHandlerAdapter.handleInternal(RequestMappingHandlerAdapter.java:800)\r\n	at org.springframework.web.servlet.mvc.method.AbstractHandlerMethodAdapter.handle(AbstractHandlerMethodAdapter.java:87)\r\n	at org.springframework.web.servlet.DispatcherServlet.doDispatch(DispatcherServlet.java:1038)\r\n	at org.springframework.web.servlet.DispatcherServlet.doService(DispatcherServlet.java:942)\r\n	at org.springframework.web.servlet.FrameworkServlet.processRequest(FrameworkServlet.java:1005)\r\n	at org.springframework.web.servlet.FrameworkServlet.doGet(FrameworkServlet.java:897)\r\n	at javax.servlet.http.HttpServlet.service(HttpServlet.java:634)\r\n	at org.springframework.web.servlet.FrameworkServlet.service(FrameworkServlet.java:882)\r\n	at javax.servlet.http.HttpServlet.service(HttpServlet.java:741)\r\n	at org.apache.catalina.core.ApplicationFilterChain.internalDoFilter(ApplicationFilterChain.java:231)\r\n	at org.apache.catalina.core.ApplicationFilterChain.doFilter(ApplicationFilterChain.java:166)\r\n	at org.apache.tomcat.websocket.server.WsFilter.doFilter(WsFilter.java:53)\r\n	at org.apache.catalina.core.ApplicationFilterChain.internalDoFilter(ApplicationFilterChain.java:193)\r\n	at org.apache.catalina.core.ApplicationFilterChain.doFilter(ApplicationFilterChain.java:166)\r\n	at org.apache.shiro.web.servlet.ProxiedFilterChain.doFilter(ProxiedFilterChain.java:61)\r\n	at org.apache.shiro.web.servlet.AdviceFilter.executeChain(AdviceFilter.java:108)\r\n	at org.apache.shiro.web.servlet.AdviceFilter.doFilterInternal(AdviceFilter.java:137)\r\n	at org.apache.shiro.web.servlet.OncePerRequestFilter.doFilter(OncePerRequestFilter.java:125)\r\n	at org.apache.shiro.web.servlet.ProxiedFilterChain.doFilter(ProxiedFilterChain.java:66)\r\n	at org.apache.shiro.web.servlet.AbstractShiroFilter.executeChain(AbstractShiroFilter.java:449)\r\n	at org.apache.shiro.web.servlet.AbstractShiroFilterT1.call(AbstractShiroFilter.java:365)\r\n	at org.apache.shiro.subject.support.SubjectCallable.doCall(SubjectCallable.java:90)\r\n	at org.apache.shiro.subject.support.SubjectCallable.call(SubjectCallable.java:83)\r\n	at org.apache.shiro.subject.support.DelegatingSubject.execute(DelegatingSubject.java:387)\r\n	at org.apache.shiro.web.servlet.AbstractShiroFilter.doFilterInternal(AbstractShiroFilter.java:362)\r\n	at org.apache.shiro.web.servlet.OncePerRequestFilter.doFilter(OncePerRequestFilter.java:125)\r\n	at org.apache.catalina.core.ApplicationFilterChain.internalDoFilter(ApplicationFilterChain.java:193)\r\n	at org.apache.catalina.core.ApplicationFilterChain.doFilter(ApplicationFilterChain.java:166)\r\n	at cn.stylefeng.roses.core.xss.XssFilter.doFilter(XssFilter.java:31)\r\n	at org.apache.catalina.core.ApplicationFilterChain.internalDoFilter(ApplicationFilterChain.java:193)\r\n	at org.apache.catalina.core.ApplicationFilterChain.doFilter(ApplicationFilterChain.java:166)\r\n	at com.alibaba.druid.support.http.WebStatFilter.doFilter(WebStatFilter.java:123)\r\n	at org.apache.catalina.core.ApplicationFilterChain.internalDoFilter(ApplicationFilterChain.java:193)\r\n	at org.apache.catalina.core.ApplicationFilterChain.doFilter(ApplicationFilterChain.java:166)\r\n	at org.springframework.web.filter.RequestContextFilter.doFilterInternal(RequestContextFilter.java:99)\r\n	at org.springframework.web.filter.OncePerRequestFilter.doFilter(OncePerRequestFilter.java:107)\r\n	at org.apache.catalina.core.ApplicationFilterChain.internalDoFilter(ApplicationFilterChain.java:193)\r\n	at org.apache.catalina.core.ApplicationFilterChain.doFilter(ApplicationFilterChain.java:166)\r\n	at org.springframework.web.filter.FormContentFilter.doFilterInternal(FormContentFilter.java:92)\r\n	at org.springframework.web.filter.OncePerRequestFilter.doFilter(OncePerRequestFilter.java:107)\r\n	at org.apache.catalina.core.ApplicationFilterChain.internalDoFilter(ApplicationFilterChain.java:193)\r\n	at org.apache.catalina.core.ApplicationFilterChain.doFilter(ApplicationFilterChain.java:166)\r\n	at org.springframework.web.filter.HiddenHttpMethodFilter.doFilterInternal(HiddenHttpMethodFilter.java:93)\r\n	at org.springframework.web.filter.OncePerRequestFilter.doFilter(OncePerRequestFilter.java:107)\r\n	at org.apache.catalina.core.ApplicationFilterChain.internalDoFilter(ApplicationFilterChain.java:193)\r\n	at org.apache.catalina.core.ApplicationFilterChain.doFilter(ApplicationFilterChain.java:166)\r\n	at org.springframework.web.filter.CharacterEncodingFilter.doFilterInternal(CharacterEncodingFilter.java:200)\r\n	at org.springframework.web.filter.OncePerRequestFilter.doFilter(OncePerRequestFilter.java:107)\r\n	at org.apache.catalina.core.ApplicationFilterChain.internalDoFilter(ApplicationFilterChain.java:193)\r\n	at org.apache.catalina.core.ApplicationFilterChain.doFilter(ApplicationFilterChain.java:166)\r\n	at org.apache.catalina.core.StandardWrapperValve.invoke(StandardWrapperValve.java:199)\r\n	at org.apache.catalina.core.StandardContextValve.invoke(StandardContextValve.java:96)\r\n	at org.apache.catalina.authenticator.AuthenticatorBase.invoke(AuthenticatorBase.java:490)\r\n	at org.apache.catalina.core.StandardHostValve.invoke(StandardHostValve.java:139)\r\n	at org.apache.catalina.valves.ErrorReportValve.invoke(ErrorReportValve.java:92)\r\n	at org.apache.catalina.core.StandardEngineValve.invoke(StandardEngineValve.java:74)\r\n	at org.apache.catalina.connector.CoyoteAdapter.service(CoyoteAdapter.java:343)\r\n	at org.apache.coyote.http11.Http11Processor.service(Http11Processor.java:408)\r\n	at org.apache.coyote.AbstractProcessorLight.process(AbstractProcessorLight.java:66)\r\n	at org.apache.coyote.AbstractProtocolTConnectionHandler.process(AbstractProtocol.java:791)\r\n	at org.apache.tomcat.util.net.NioEndpointTSocketProcessor.doRun(NioEndpoint.java:1417)\r\n	at org.apache.tomcat.util.net.SocketProcessorBase.run(SocketProcessorBase.java:49)\r\n	at java.util.concurrent.ThreadPoolExecutor.runWorker(ThreadPoolExecutor.java:1149)\r\n	at java.util.concurrent.ThreadPoolExecutorTWorker.run(ThreadPoolExecutor.java:624)\r\n	at org.apache.tomcat.util.threads.TaskThreadTWrappingRunnable.run(TaskThread.java:61)\r\n	at java.lang.Thread.run(Thread.java:748)\r\nCaused by: java.lang.NumberFormatException: For input string: \"undefined\"\r\n	at java.lang.NumberFormatException.forInputString(NumberFormatException.java:65)\r\n	at java.lang.Long.parseLong(Long.java:589)\r\n	at java.lang.Long.valueOf(Long.java:803)\r\n	at org.springframework.util.NumberUtils.parseNumber(NumberUtils.java:213)\r\n	at org.springframework.beans.propertyeditors.CustomNumberEditor.setAsText(CustomNumberEditor.java:115)\r\n	at org.springframework.beans.TypeConverterDelegate.doConvertTextValue(TypeConverterDelegate.java:466)\r\n	at org.springframework.beans.TypeConverterDelegate.doConvertValue(TypeConverterDelegate.java:439)\r\n	at org.springframework.beans.TypeConverterDelegate.convertIfNecessary(TypeConverterDelegate.java:192)\r\n	at org.springframework.beans.TypeConverterDelegate.convertIfNecessary(TypeConverterDelegate.java:99)\r\n	at org.springframework.beans.TypeConverterSupport.doConvert(TypeConverterSupport.java:73)\r\n	at org.springframework.beans.TypeConverterSupport.convertIfNecessary(TypeConverterSupport.java:52)\r\n	at org.springframework.validation.DataBinder.convertIfNecessary(DataBinder.java:692)\r\n	at org.springframework.web.method.annotation.AbstractNamedValueMethodArgumentResolver.resolveArgument(AbstractNamedValueMethodArgumentResolver.java:124)\r\n	... 71 more\r\n');
INSERT INTO `sys_operation_log` VALUES (1192393646519955457, '异常日志', '', 1, NULL, NULL, '2019-11-07 18:49:34', '失败', 'org.springframework.web.method.annotation.MethodArgumentTypeMismatchException: Failed to convert value of type \'java.lang.String\' to required type \'java.lang.Long\'; nested exception is java.lang.NumberFormatException: For input string: \"undefined\"\r\n	at org.springframework.web.method.annotation.AbstractNamedValueMethodArgumentResolver.resolveArgument(AbstractNamedValueMethodArgumentResolver.java:132)\r\n	at org.springframework.web.method.support.HandlerMethodArgumentResolverComposite.resolveArgument(HandlerMethodArgumentResolverComposite.java:126)\r\n	at org.springframework.web.method.support.InvocableHandlerMethod.getMethodArgumentValues(InvocableHandlerMethod.java:166)\r\n	at org.springframework.web.method.support.InvocableHandlerMethod.invokeForRequest(InvocableHandlerMethod.java:134)\r\n	at org.springframework.web.servlet.mvc.method.annotation.ServletInvocableHandlerMethod.invokeAndHandle(ServletInvocableHandlerMethod.java:102)\r\n	at org.springframework.web.servlet.mvc.method.annotation.RequestMappingHandlerAdapter.invokeHandlerMethod(RequestMappingHandlerAdapter.java:895)\r\n	at org.springframework.web.servlet.mvc.method.annotation.RequestMappingHandlerAdapter.handleInternal(RequestMappingHandlerAdapter.java:800)\r\n	at org.springframework.web.servlet.mvc.method.AbstractHandlerMethodAdapter.handle(AbstractHandlerMethodAdapter.java:87)\r\n	at org.springframework.web.servlet.DispatcherServlet.doDispatch(DispatcherServlet.java:1038)\r\n	at org.springframework.web.servlet.DispatcherServlet.doService(DispatcherServlet.java:942)\r\n	at org.springframework.web.servlet.FrameworkServlet.processRequest(FrameworkServlet.java:1005)\r\n	at org.springframework.web.servlet.FrameworkServlet.doGet(FrameworkServlet.java:897)\r\n	at javax.servlet.http.HttpServlet.service(HttpServlet.java:634)\r\n	at org.springframework.web.servlet.FrameworkServlet.service(FrameworkServlet.java:882)\r\n	at javax.servlet.http.HttpServlet.service(HttpServlet.java:741)\r\n	at org.apache.catalina.core.ApplicationFilterChain.internalDoFilter(ApplicationFilterChain.java:231)\r\n	at org.apache.catalina.core.ApplicationFilterChain.doFilter(ApplicationFilterChain.java:166)\r\n	at org.apache.tomcat.websocket.server.WsFilter.doFilter(WsFilter.java:53)\r\n	at org.apache.catalina.core.ApplicationFilterChain.internalDoFilter(ApplicationFilterChain.java:193)\r\n	at org.apache.catalina.core.ApplicationFilterChain.doFilter(ApplicationFilterChain.java:166)\r\n	at org.apache.shiro.web.servlet.ProxiedFilterChain.doFilter(ProxiedFilterChain.java:61)\r\n	at org.apache.shiro.web.servlet.AdviceFilter.executeChain(AdviceFilter.java:108)\r\n	at org.apache.shiro.web.servlet.AdviceFilter.doFilterInternal(AdviceFilter.java:137)\r\n	at org.apache.shiro.web.servlet.OncePerRequestFilter.doFilter(OncePerRequestFilter.java:125)\r\n	at org.apache.shiro.web.servlet.ProxiedFilterChain.doFilter(ProxiedFilterChain.java:66)\r\n	at org.apache.shiro.web.servlet.AbstractShiroFilter.executeChain(AbstractShiroFilter.java:449)\r\n	at org.apache.shiro.web.servlet.AbstractShiroFilterT1.call(AbstractShiroFilter.java:365)\r\n	at org.apache.shiro.subject.support.SubjectCallable.doCall(SubjectCallable.java:90)\r\n	at org.apache.shiro.subject.support.SubjectCallable.call(SubjectCallable.java:83)\r\n	at org.apache.shiro.subject.support.DelegatingSubject.execute(DelegatingSubject.java:387)\r\n	at org.apache.shiro.web.servlet.AbstractShiroFilter.doFilterInternal(AbstractShiroFilter.java:362)\r\n	at org.apache.shiro.web.servlet.OncePerRequestFilter.doFilter(OncePerRequestFilter.java:125)\r\n	at org.apache.catalina.core.ApplicationFilterChain.internalDoFilter(ApplicationFilterChain.java:193)\r\n	at org.apache.catalina.core.ApplicationFilterChain.doFilter(ApplicationFilterChain.java:166)\r\n	at cn.stylefeng.roses.core.xss.XssFilter.doFilter(XssFilter.java:31)\r\n	at org.apache.catalina.core.ApplicationFilterChain.internalDoFilter(ApplicationFilterChain.java:193)\r\n	at org.apache.catalina.core.ApplicationFilterChain.doFilter(ApplicationFilterChain.java:166)\r\n	at com.alibaba.druid.support.http.WebStatFilter.doFilter(WebStatFilter.java:123)\r\n	at org.apache.catalina.core.ApplicationFilterChain.internalDoFilter(ApplicationFilterChain.java:193)\r\n	at org.apache.catalina.core.ApplicationFilterChain.doFilter(ApplicationFilterChain.java:166)\r\n	at org.springframework.web.filter.RequestContextFilter.doFilterInternal(RequestContextFilter.java:99)\r\n	at org.springframework.web.filter.OncePerRequestFilter.doFilter(OncePerRequestFilter.java:107)\r\n	at org.apache.catalina.core.ApplicationFilterChain.internalDoFilter(ApplicationFilterChain.java:193)\r\n	at org.apache.catalina.core.ApplicationFilterChain.doFilter(ApplicationFilterChain.java:166)\r\n	at org.springframework.web.filter.FormContentFilter.doFilterInternal(FormContentFilter.java:92)\r\n	at org.springframework.web.filter.OncePerRequestFilter.doFilter(OncePerRequestFilter.java:107)\r\n	at org.apache.catalina.core.ApplicationFilterChain.internalDoFilter(ApplicationFilterChain.java:193)\r\n	at org.apache.catalina.core.ApplicationFilterChain.doFilter(ApplicationFilterChain.java:166)\r\n	at org.springframework.web.filter.HiddenHttpMethodFilter.doFilterInternal(HiddenHttpMethodFilter.java:93)\r\n	at org.springframework.web.filter.OncePerRequestFilter.doFilter(OncePerRequestFilter.java:107)\r\n	at org.apache.catalina.core.ApplicationFilterChain.internalDoFilter(ApplicationFilterChain.java:193)\r\n	at org.apache.catalina.core.ApplicationFilterChain.doFilter(ApplicationFilterChain.java:166)\r\n	at org.springframework.web.filter.CharacterEncodingFilter.doFilterInternal(CharacterEncodingFilter.java:200)\r\n	at org.springframework.web.filter.OncePerRequestFilter.doFilter(OncePerRequestFilter.java:107)\r\n	at org.apache.catalina.core.ApplicationFilterChain.internalDoFilter(ApplicationFilterChain.java:193)\r\n	at org.apache.catalina.core.ApplicationFilterChain.doFilter(ApplicationFilterChain.java:166)\r\n	at org.apache.catalina.core.StandardWrapperValve.invoke(StandardWrapperValve.java:199)\r\n	at org.apache.catalina.core.StandardContextValve.invoke(StandardContextValve.java:96)\r\n	at org.apache.catalina.authenticator.AuthenticatorBase.invoke(AuthenticatorBase.java:490)\r\n	at org.apache.catalina.core.StandardHostValve.invoke(StandardHostValve.java:139)\r\n	at org.apache.catalina.valves.ErrorReportValve.invoke(ErrorReportValve.java:92)\r\n	at org.apache.catalina.core.StandardEngineValve.invoke(StandardEngineValve.java:74)\r\n	at org.apache.catalina.connector.CoyoteAdapter.service(CoyoteAdapter.java:343)\r\n	at org.apache.coyote.http11.Http11Processor.service(Http11Processor.java:408)\r\n	at org.apache.coyote.AbstractProcessorLight.process(AbstractProcessorLight.java:66)\r\n	at org.apache.coyote.AbstractProtocolTConnectionHandler.process(AbstractProtocol.java:791)\r\n	at org.apache.tomcat.util.net.NioEndpointTSocketProcessor.doRun(NioEndpoint.java:1417)\r\n	at org.apache.tomcat.util.net.SocketProcessorBase.run(SocketProcessorBase.java:49)\r\n	at java.util.concurrent.ThreadPoolExecutor.runWorker(ThreadPoolExecutor.java:1149)\r\n	at java.util.concurrent.ThreadPoolExecutorTWorker.run(ThreadPoolExecutor.java:624)\r\n	at org.apache.tomcat.util.threads.TaskThreadTWrappingRunnable.run(TaskThread.java:61)\r\n	at java.lang.Thread.run(Thread.java:748)\r\nCaused by: java.lang.NumberFormatException: For input string: \"undefined\"\r\n	at java.lang.NumberFormatException.forInputString(NumberFormatException.java:65)\r\n	at java.lang.Long.parseLong(Long.java:589)\r\n	at java.lang.Long.valueOf(Long.java:803)\r\n	at org.springframework.util.NumberUtils.parseNumber(NumberUtils.java:213)\r\n	at org.springframework.beans.propertyeditors.CustomNumberEditor.setAsText(CustomNumberEditor.java:115)\r\n	at org.springframework.beans.TypeConverterDelegate.doConvertTextValue(TypeConverterDelegate.java:466)\r\n	at org.springframework.beans.TypeConverterDelegate.doConvertValue(TypeConverterDelegate.java:439)\r\n	at org.springframework.beans.TypeConverterDelegate.convertIfNecessary(TypeConverterDelegate.java:192)\r\n	at org.springframework.beans.TypeConverterDelegate.convertIfNecessary(TypeConverterDelegate.java:99)\r\n	at org.springframework.beans.TypeConverterSupport.doConvert(TypeConverterSupport.java:73)\r\n	at org.springframework.beans.TypeConverterSupport.convertIfNecessary(TypeConverterSupport.java:52)\r\n	at org.springframework.validation.DataBinder.convertIfNecessary(DataBinder.java:692)\r\n	at org.springframework.web.method.annotation.AbstractNamedValueMethodArgumentResolver.resolveArgument(AbstractNamedValueMethodArgumentResolver.java:124)\r\n	... 71 more\r\n');
INSERT INTO `sys_operation_log` VALUES (1192393653859987457, '异常日志', '', 1, NULL, NULL, '2019-11-07 18:49:35', '失败', 'org.springframework.web.method.annotation.MethodArgumentTypeMismatchException: Failed to convert value of type \'java.lang.String\' to required type \'java.lang.Long\'; nested exception is java.lang.NumberFormatException: For input string: \"undefined\"\r\n	at org.springframework.web.method.annotation.AbstractNamedValueMethodArgumentResolver.resolveArgument(AbstractNamedValueMethodArgumentResolver.java:132)\r\n	at org.springframework.web.method.support.HandlerMethodArgumentResolverComposite.resolveArgument(HandlerMethodArgumentResolverComposite.java:126)\r\n	at org.springframework.web.method.support.InvocableHandlerMethod.getMethodArgumentValues(InvocableHandlerMethod.java:166)\r\n	at org.springframework.web.method.support.InvocableHandlerMethod.invokeForRequest(InvocableHandlerMethod.java:134)\r\n	at org.springframework.web.servlet.mvc.method.annotation.ServletInvocableHandlerMethod.invokeAndHandle(ServletInvocableHandlerMethod.java:102)\r\n	at org.springframework.web.servlet.mvc.method.annotation.RequestMappingHandlerAdapter.invokeHandlerMethod(RequestMappingHandlerAdapter.java:895)\r\n	at org.springframework.web.servlet.mvc.method.annotation.RequestMappingHandlerAdapter.handleInternal(RequestMappingHandlerAdapter.java:800)\r\n	at org.springframework.web.servlet.mvc.method.AbstractHandlerMethodAdapter.handle(AbstractHandlerMethodAdapter.java:87)\r\n	at org.springframework.web.servlet.DispatcherServlet.doDispatch(DispatcherServlet.java:1038)\r\n	at org.springframework.web.servlet.DispatcherServlet.doService(DispatcherServlet.java:942)\r\n	at org.springframework.web.servlet.FrameworkServlet.processRequest(FrameworkServlet.java:1005)\r\n	at org.springframework.web.servlet.FrameworkServlet.doGet(FrameworkServlet.java:897)\r\n	at javax.servlet.http.HttpServlet.service(HttpServlet.java:634)\r\n	at org.springframework.web.servlet.FrameworkServlet.service(FrameworkServlet.java:882)\r\n	at javax.servlet.http.HttpServlet.service(HttpServlet.java:741)\r\n	at org.apache.catalina.core.ApplicationFilterChain.internalDoFilter(ApplicationFilterChain.java:231)\r\n	at org.apache.catalina.core.ApplicationFilterChain.doFilter(ApplicationFilterChain.java:166)\r\n	at org.apache.tomcat.websocket.server.WsFilter.doFilter(WsFilter.java:53)\r\n	at org.apache.catalina.core.ApplicationFilterChain.internalDoFilter(ApplicationFilterChain.java:193)\r\n	at org.apache.catalina.core.ApplicationFilterChain.doFilter(ApplicationFilterChain.java:166)\r\n	at org.apache.shiro.web.servlet.ProxiedFilterChain.doFilter(ProxiedFilterChain.java:61)\r\n	at org.apache.shiro.web.servlet.AdviceFilter.executeChain(AdviceFilter.java:108)\r\n	at org.apache.shiro.web.servlet.AdviceFilter.doFilterInternal(AdviceFilter.java:137)\r\n	at org.apache.shiro.web.servlet.OncePerRequestFilter.doFilter(OncePerRequestFilter.java:125)\r\n	at org.apache.shiro.web.servlet.ProxiedFilterChain.doFilter(ProxiedFilterChain.java:66)\r\n	at org.apache.shiro.web.servlet.AbstractShiroFilter.executeChain(AbstractShiroFilter.java:449)\r\n	at org.apache.shiro.web.servlet.AbstractShiroFilterT1.call(AbstractShiroFilter.java:365)\r\n	at org.apache.shiro.subject.support.SubjectCallable.doCall(SubjectCallable.java:90)\r\n	at org.apache.shiro.subject.support.SubjectCallable.call(SubjectCallable.java:83)\r\n	at org.apache.shiro.subject.support.DelegatingSubject.execute(DelegatingSubject.java:387)\r\n	at org.apache.shiro.web.servlet.AbstractShiroFilter.doFilterInternal(AbstractShiroFilter.java:362)\r\n	at org.apache.shiro.web.servlet.OncePerRequestFilter.doFilter(OncePerRequestFilter.java:125)\r\n	at org.apache.catalina.core.ApplicationFilterChain.internalDoFilter(ApplicationFilterChain.java:193)\r\n	at org.apache.catalina.core.ApplicationFilterChain.doFilter(ApplicationFilterChain.java:166)\r\n	at cn.stylefeng.roses.core.xss.XssFilter.doFilter(XssFilter.java:31)\r\n	at org.apache.catalina.core.ApplicationFilterChain.internalDoFilter(ApplicationFilterChain.java:193)\r\n	at org.apache.catalina.core.ApplicationFilterChain.doFilter(ApplicationFilterChain.java:166)\r\n	at com.alibaba.druid.support.http.WebStatFilter.doFilter(WebStatFilter.java:123)\r\n	at org.apache.catalina.core.ApplicationFilterChain.internalDoFilter(ApplicationFilterChain.java:193)\r\n	at org.apache.catalina.core.ApplicationFilterChain.doFilter(ApplicationFilterChain.java:166)\r\n	at org.springframework.web.filter.RequestContextFilter.doFilterInternal(RequestContextFilter.java:99)\r\n	at org.springframework.web.filter.OncePerRequestFilter.doFilter(OncePerRequestFilter.java:107)\r\n	at org.apache.catalina.core.ApplicationFilterChain.internalDoFilter(ApplicationFilterChain.java:193)\r\n	at org.apache.catalina.core.ApplicationFilterChain.doFilter(ApplicationFilterChain.java:166)\r\n	at org.springframework.web.filter.FormContentFilter.doFilterInternal(FormContentFilter.java:92)\r\n	at org.springframework.web.filter.OncePerRequestFilter.doFilter(OncePerRequestFilter.java:107)\r\n	at org.apache.catalina.core.ApplicationFilterChain.internalDoFilter(ApplicationFilterChain.java:193)\r\n	at org.apache.catalina.core.ApplicationFilterChain.doFilter(ApplicationFilterChain.java:166)\r\n	at org.springframework.web.filter.HiddenHttpMethodFilter.doFilterInternal(HiddenHttpMethodFilter.java:93)\r\n	at org.springframework.web.filter.OncePerRequestFilter.doFilter(OncePerRequestFilter.java:107)\r\n	at org.apache.catalina.core.ApplicationFilterChain.internalDoFilter(ApplicationFilterChain.java:193)\r\n	at org.apache.catalina.core.ApplicationFilterChain.doFilter(ApplicationFilterChain.java:166)\r\n	at org.springframework.web.filter.CharacterEncodingFilter.doFilterInternal(CharacterEncodingFilter.java:200)\r\n	at org.springframework.web.filter.OncePerRequestFilter.doFilter(OncePerRequestFilter.java:107)\r\n	at org.apache.catalina.core.ApplicationFilterChain.internalDoFilter(ApplicationFilterChain.java:193)\r\n	at org.apache.catalina.core.ApplicationFilterChain.doFilter(ApplicationFilterChain.java:166)\r\n	at org.apache.catalina.core.StandardWrapperValve.invoke(StandardWrapperValve.java:199)\r\n	at org.apache.catalina.core.StandardContextValve.invoke(StandardContextValve.java:96)\r\n	at org.apache.catalina.authenticator.AuthenticatorBase.invoke(AuthenticatorBase.java:490)\r\n	at org.apache.catalina.core.StandardHostValve.invoke(StandardHostValve.java:139)\r\n	at org.apache.catalina.valves.ErrorReportValve.invoke(ErrorReportValve.java:92)\r\n	at org.apache.catalina.core.StandardEngineValve.invoke(StandardEngineValve.java:74)\r\n	at org.apache.catalina.connector.CoyoteAdapter.service(CoyoteAdapter.java:343)\r\n	at org.apache.coyote.http11.Http11Processor.service(Http11Processor.java:408)\r\n	at org.apache.coyote.AbstractProcessorLight.process(AbstractProcessorLight.java:66)\r\n	at org.apache.coyote.AbstractProtocolTConnectionHandler.process(AbstractProtocol.java:791)\r\n	at org.apache.tomcat.util.net.NioEndpointTSocketProcessor.doRun(NioEndpoint.java:1417)\r\n	at org.apache.tomcat.util.net.SocketProcessorBase.run(SocketProcessorBase.java:49)\r\n	at java.util.concurrent.ThreadPoolExecutor.runWorker(ThreadPoolExecutor.java:1149)\r\n	at java.util.concurrent.ThreadPoolExecutorTWorker.run(ThreadPoolExecutor.java:624)\r\n	at org.apache.tomcat.util.threads.TaskThreadTWrappingRunnable.run(TaskThread.java:61)\r\n	at java.lang.Thread.run(Thread.java:748)\r\nCaused by: java.lang.NumberFormatException: For input string: \"undefined\"\r\n	at java.lang.NumberFormatException.forInputString(NumberFormatException.java:65)\r\n	at java.lang.Long.parseLong(Long.java:589)\r\n	at java.lang.Long.valueOf(Long.java:803)\r\n	at org.springframework.util.NumberUtils.parseNumber(NumberUtils.java:213)\r\n	at org.springframework.beans.propertyeditors.CustomNumberEditor.setAsText(CustomNumberEditor.java:115)\r\n	at org.springframework.beans.TypeConverterDelegate.doConvertTextValue(TypeConverterDelegate.java:466)\r\n	at org.springframework.beans.TypeConverterDelegate.doConvertValue(TypeConverterDelegate.java:439)\r\n	at org.springframework.beans.TypeConverterDelegate.convertIfNecessary(TypeConverterDelegate.java:192)\r\n	at org.springframework.beans.TypeConverterDelegate.convertIfNecessary(TypeConverterDelegate.java:99)\r\n	at org.springframework.beans.TypeConverterSupport.doConvert(TypeConverterSupport.java:73)\r\n	at org.springframework.beans.TypeConverterSupport.convertIfNecessary(TypeConverterSupport.java:52)\r\n	at org.springframework.validation.DataBinder.convertIfNecessary(DataBinder.java:692)\r\n	at org.springframework.web.method.annotation.AbstractNamedValueMethodArgumentResolver.resolveArgument(AbstractNamedValueMethodArgumentResolver.java:124)\r\n	... 71 more\r\n');
INSERT INTO `sys_operation_log` VALUES (1192637301402927105, '异常日志', '', 1, NULL, NULL, '2019-11-08 10:57:45', '失败', 'cn.stylefeng.roses.kernel.model.exception.ServiceException: 不能冻结超级管理员\r\n	at cn.stylefeng.guns.modular.system.controller.UserMgrController.freeze(UserMgrController.java:311)\r\n	at cn.stylefeng.guns.modular.system.controller.UserMgrControllerTTFastClassBySpringCGLIBTT7c4c2edf.invoke(<generated>)\r\n	at org.springframework.cglib.proxy.MethodProxy.invoke(MethodProxy.java:218)\r\n	at org.springframework.aop.framework.CglibAopProxyTCglibMethodInvocation.invokeJoinpoint(CglibAopProxy.java:749)\r\n	at org.springframework.aop.framework.ReflectiveMethodInvocation.proceed(ReflectiveMethodInvocation.java:163)\r\n	at org.springframework.aop.aspectj.MethodInvocationProceedingJoinPoint.proceed(MethodInvocationProceedingJoinPoint.java:88)\r\n	at cn.stylefeng.guns.core.interceptor.SessionHolderInterceptor.sessionKit(SessionHolderInterceptor.java:44)\r\n	at sun.reflect.GeneratedMethodAccessor101.invoke(Unknown Source)\r\n	at sun.reflect.DelegatingMethodAccessorImpl.invoke(DelegatingMethodAccessorImpl.java:43)\r\n	at java.lang.reflect.Method.invoke(Method.java:498)\r\n	at org.springframework.aop.aspectj.AbstractAspectJAdvice.invokeAdviceMethodWithGivenArgs(AbstractAspectJAdvice.java:644)\r\n	at org.springframework.aop.aspectj.AbstractAspectJAdvice.invokeAdviceMethod(AbstractAspectJAdvice.java:633)\r\n	at org.springframework.aop.aspectj.AspectJAroundAdvice.invoke(AspectJAroundAdvice.java:70)\r\n	at org.springframework.aop.framework.ReflectiveMethodInvocation.proceed(ReflectiveMethodInvocation.java:186)\r\n	at org.springframework.aop.aspectj.MethodInvocationProceedingJoinPoint.proceed(MethodInvocationProceedingJoinPoint.java:88)\r\n	at cn.stylefeng.guns.core.aop.LogAop.recordSysLog(LogAop.java:60)\r\n	at sun.reflect.NativeMethodAccessorImpl.invoke0(Native Method)\r\n	at sun.reflect.NativeMethodAccessorImpl.invoke(NativeMethodAccessorImpl.java:62)\r\n	at sun.reflect.DelegatingMethodAccessorImpl.invoke(DelegatingMethodAccessorImpl.java:43)\r\n	at java.lang.reflect.Method.invoke(Method.java:498)\r\n	at org.springframework.aop.aspectj.AbstractAspectJAdvice.invokeAdviceMethodWithGivenArgs(AbstractAspectJAdvice.java:644)\r\n	at org.springframework.aop.aspectj.AbstractAspectJAdvice.invokeAdviceMethod(AbstractAspectJAdvice.java:633)\r\n	at org.springframework.aop.aspectj.AspectJAroundAdvice.invoke(AspectJAroundAdvice.java:70)\r\n	at org.springframework.aop.framework.ReflectiveMethodInvocation.proceed(ReflectiveMethodInvocation.java:175)\r\n	at org.springframework.aop.aspectj.MethodInvocationProceedingJoinPoint.proceed(MethodInvocationProceedingJoinPoint.java:88)\r\n	at cn.stylefeng.guns.core.aop.PermissionAop.doPermission(PermissionAop.java:72)\r\n	at sun.reflect.NativeMethodAccessorImpl.invoke0(Native Method)\r\n	at sun.reflect.NativeMethodAccessorImpl.invoke(NativeMethodAccessorImpl.java:62)\r\n	at sun.reflect.DelegatingMethodAccessorImpl.invoke(DelegatingMethodAccessorImpl.java:43)\r\n	at java.lang.reflect.Method.invoke(Method.java:498)\r\n	at org.springframework.aop.aspectj.AbstractAspectJAdvice.invokeAdviceMethodWithGivenArgs(AbstractAspectJAdvice.java:644)\r\n	at org.springframework.aop.aspectj.AbstractAspectJAdvice.invokeAdviceMethod(AbstractAspectJAdvice.java:633)\r\n	at org.springframework.aop.aspectj.AspectJAroundAdvice.invoke(AspectJAroundAdvice.java:70)\r\n	at org.springframework.aop.framework.ReflectiveMethodInvocation.proceed(ReflectiveMethodInvocation.java:175)\r\n	at org.springframework.aop.interceptor.ExposeInvocationInterceptor.invoke(ExposeInvocationInterceptor.java:93)\r\n	at org.springframework.aop.framework.ReflectiveMethodInvocation.proceed(ReflectiveMethodInvocation.java:186)\r\n	at org.springframework.aop.framework.CglibAopProxyTDynamicAdvisedInterceptor.intercept(CglibAopProxy.java:688)\r\n	at cn.stylefeng.guns.modular.system.controller.UserMgrControllerTTEnhancerBySpringCGLIBTT8922ef0f.freeze(<generated>)\r\n	at sun.reflect.NativeMethodAccessorImpl.invoke0(Native Method)\r\n	at sun.reflect.NativeMethodAccessorImpl.invoke(NativeMethodAccessorImpl.java:62)\r\n	at sun.reflect.DelegatingMethodAccessorImpl.invoke(DelegatingMethodAccessorImpl.java:43)\r\n	at java.lang.reflect.Method.invoke(Method.java:498)\r\n	at org.springframework.web.method.support.InvocableHandlerMethod.doInvoke(InvocableHandlerMethod.java:189)\r\n	at org.springframework.web.method.support.InvocableHandlerMethod.invokeForRequest(InvocableHandlerMethod.java:138)\r\n	at org.springframework.web.servlet.mvc.method.annotation.ServletInvocableHandlerMethod.invokeAndHandle(ServletInvocableHandlerMethod.java:102)\r\n	at org.springframework.web.servlet.mvc.method.annotation.RequestMappingHandlerAdapter.invokeHandlerMethod(RequestMappingHandlerAdapter.java:895)\r\n	at org.springframework.web.servlet.mvc.method.annotation.RequestMappingHandlerAdapter.handleInternal(RequestMappingHandlerAdapter.java:800)\r\n	at org.springframework.web.servlet.mvc.method.AbstractHandlerMethodAdapter.handle(AbstractHandlerMethodAdapter.java:87)\r\n	at org.springframework.web.servlet.DispatcherServlet.doDispatch(DispatcherServlet.java:1038)\r\n	at org.springframework.web.servlet.DispatcherServlet.doService(DispatcherServlet.java:942)\r\n	at org.springframework.web.servlet.FrameworkServlet.processRequest(FrameworkServlet.java:1005)\r\n	at org.springframework.web.servlet.FrameworkServlet.doPost(FrameworkServlet.java:908)\r\n	at javax.servlet.http.HttpServlet.service(HttpServlet.java:660)\r\n	at org.springframework.web.servlet.FrameworkServlet.service(FrameworkServlet.java:882)\r\n	at javax.servlet.http.HttpServlet.service(HttpServlet.java:741)\r\n	at org.apache.catalina.core.ApplicationFilterChain.internalDoFilter(ApplicationFilterChain.java:231)\r\n	at org.apache.catalina.core.ApplicationFilterChain.doFilter(ApplicationFilterChain.java:166)\r\n	at org.apache.tomcat.websocket.server.WsFilter.doFilter(WsFilter.java:53)\r\n	at org.apache.catalina.core.ApplicationFilterChain.internalDoFilter(ApplicationFilterChain.java:193)\r\n	at org.apache.catalina.core.ApplicationFilterChain.doFilter(ApplicationFilterChain.java:166)\r\n	at org.apache.shiro.web.servlet.ProxiedFilterChain.doFilter(ProxiedFilterChain.java:61)\r\n	at org.apache.shiro.web.servlet.AdviceFilter.executeChain(AdviceFilter.java:108)\r\n	at org.apache.shiro.web.servlet.AdviceFilter.doFilterInternal(AdviceFilter.java:137)\r\n	at org.apache.shiro.web.servlet.OncePerRequestFilter.doFilter(OncePerRequestFilter.java:125)\r\n	at org.apache.shiro.web.servlet.ProxiedFilterChain.doFilter(ProxiedFilterChain.java:66)\r\n	at org.apache.shiro.web.servlet.AbstractShiroFilter.executeChain(AbstractShiroFilter.java:449)\r\n	at org.apache.shiro.web.servlet.AbstractShiroFilterT1.call(AbstractShiroFilter.java:365)\r\n	at org.apache.shiro.subject.support.SubjectCallable.doCall(SubjectCallable.java:90)\r\n	at org.apache.shiro.subject.support.SubjectCallable.call(SubjectCallable.java:83)\r\n	at org.apache.shiro.subject.support.DelegatingSubject.execute(DelegatingSubject.java:387)\r\n	at org.apache.shiro.web.servlet.AbstractShiroFilter.doFilterInternal(AbstractShiroFilter.java:362)\r\n	at org.apache.shiro.web.servlet.OncePerRequestFilter.doFilter(OncePerRequestFilter.java:125)\r\n	at org.apache.catalina.core.ApplicationFilterChain.internalDoFilter(ApplicationFilterChain.java:193)\r\n	at org.apache.catalina.core.ApplicationFilterChain.doFilter(ApplicationFilterChain.java:166)\r\n	at cn.stylefeng.roses.core.xss.XssFilter.doFilter(XssFilter.java:31)\r\n	at org.apache.catalina.core.ApplicationFilterChain.internalDoFilter(ApplicationFilterChain.java:193)\r\n	at org.apache.catalina.core.ApplicationFilterChain.doFilter(ApplicationFilterChain.java:166)\r\n	at com.alibaba.druid.support.http.WebStatFilter.doFilter(WebStatFilter.java:123)\r\n	at org.apache.catalina.core.ApplicationFilterChain.internalDoFilter(ApplicationFilterChain.java:193)\r\n	at org.apache.catalina.core.ApplicationFilterChain.doFilter(ApplicationFilterChain.java:166)\r\n	at org.springframework.web.filter.RequestContextFilter.doFilterInternal(RequestContextFilter.java:99)\r\n	at org.springframework.web.filter.OncePerRequestFilter.doFilter(OncePerRequestFilter.java:107)\r\n	at org.apache.catalina.core.ApplicationFilterChain.internalDoFilter(ApplicationFilterChain.java:193)\r\n	at org.apache.catalina.core.ApplicationFilterChain.doFilter(ApplicationFilterChain.java:166)\r\n	at org.springframework.web.filter.FormContentFilter.doFilterInternal(FormContentFilter.java:92)\r\n	at org.springframework.web.filter.OncePerRequestFilter.doFilter(OncePerRequestFilter.java:107)\r\n	at org.apache.catalina.core.ApplicationFilterChain.internalDoFilter(ApplicationFilterChain.java:193)\r\n	at org.apache.catalina.core.ApplicationFilterChain.doFilter(ApplicationFilterChain.java:166)\r\n	at org.springframework.web.filter.HiddenHttpMethodFilter.doFilterInternal(HiddenHttpMethodFilter.java:93)\r\n	at org.springframework.web.filter.OncePerRequestFilter.doFilter(OncePerRequestFilter.java:107)\r\n	at org.apache.catalina.core.ApplicationFilterChain.internalDoFilter(ApplicationFilterChain.java:193)\r\n	at org.apache.catalina.core.ApplicationFilterChain.doFilter(ApplicationFilterChain.java:166)\r\n	at org.springframework.web.filter.CharacterEncodingFilter.doFilterInternal(CharacterEncodingFilter.java:200)\r\n	at org.springframework.web.filter.OncePerRequestFilter.doFilter(OncePerRequestFilter.java:107)\r\n	at org.apache.catalina.core.ApplicationFilterChain.internalDoFilter(ApplicationFilterChain.java:193)\r\n	at org.apache.catalina.core.ApplicationFilterChain.doFilter(ApplicationFilterChain.java:166)\r\n	at org.apache.catalina.core.StandardWrapperValve.invoke(StandardWrapperValve.java:199)\r\n	at org.apache.catalina.core.StandardContextValve.invoke(StandardContextValve.java:96)\r\n	at org.apache.catalina.authenticator.AuthenticatorBase.invoke(AuthenticatorBase.java:490)\r\n	at org.apache.catalina.core.StandardHostValve.invoke(StandardHostValve.java:139)\r\n	at org.apache.catalina.valves.ErrorReportValve.invoke(ErrorReportValve.java:92)\r\n	at org.apache.catalina.core.StandardEngineValve.invoke(StandardEngineValve.java:74)\r\n	at org.apache.catalina.connector.CoyoteAdapter.service(CoyoteAdapter.java:343)\r\n	at org.apache.coyote.http11.Http11Processor.service(Http11Processor.java:408)\r\n	at org.apache.coyote.AbstractProcessorLight.process(AbstractProcessorLight.java:66)\r\n	at org.apache.coyote.AbstractProtocolTConnectionHandler.process(AbstractProtocol.java:791)\r\n	at org.apache.tomcat.util.net.NioEndpointTSocketProcessor.doRun(NioEndpoint.java:1417)\r\n	at org.apache.tomcat.util.net.SocketProcessorBase.run(SocketProcessorBase.java:49)\r\n	at java.util.concurrent.ThreadPoolExecutor.runWorker(ThreadPoolExecutor.java:1149)\r\n	at java.util.concurrent.ThreadPoolExecutorTWorker.run(ThreadPoolExecutor.java:624)\r\n	at org.apache.tomcat.util.threads.TaskThreadTWrappingRunnable.run(TaskThread.java:61)\r\n	at java.lang.Thread.run(Thread.java:748)\r\n');
INSERT INTO `sys_operation_log` VALUES (1193778674806042625, '业务日志', '修改菜单', 1, 'cn.stylefeng.guns.modular.system.controller.MenuController', 'edit', '2019-11-11 14:33:10', '成功', '菜单名称=首页;;;字段名称:菜单编号,旧值:index,新值:/system/index');
INSERT INTO `sys_operation_log` VALUES (1193778723904565249, '业务日志', '修改菜单', 1, 'cn.stylefeng.guns.modular.system.controller.MenuController', 'edit', '2019-11-11 14:33:22', '成功', '菜单名称=首页;;;字段名称:菜单编号,旧值:/system/index,新值:index;;;字段名称:url地址,旧值:/,新值:/system/index');
INSERT INTO `sys_operation_log` VALUES (1193826233029242882, '业务日志', '修改菜单', 1, 'cn.stylefeng.guns.modular.system.controller.MenuController', 'edit', '2019-11-11 17:42:09', '成功', '菜单名称=首页;;;字段名称:url地址,旧值:/system/index,新值:/system');
INSERT INTO `sys_operation_log` VALUES (1193826470590427138, '业务日志', '修改菜单', 1, 'cn.stylefeng.guns.modular.system.controller.MenuController', 'edit', '2019-11-11 17:43:05', '成功', '菜单名称=首页;;;字段名称:url地址,旧值:/system,新值:/system/console');
INSERT INTO `sys_operation_log` VALUES (1196616807385939969, '业务日志', '删除菜单', 1, 'cn.stylefeng.guns.modular.system.controller.MenuController', 'remove', '2019-11-19 10:30:54', '成功', '菜单名称=情报');
INSERT INTO `sys_operation_log` VALUES (1196616829208903682, '业务日志', '删除菜单', 1, 'cn.stylefeng.guns.modular.system.controller.MenuController', 'remove', '2019-11-19 10:30:59', '成功', '菜单名称=分析');
INSERT INTO `sys_operation_log` VALUES (1196617069647380482, '业务日志', '修改菜单', 1, 'cn.stylefeng.guns.modular.system.controller.MenuController', 'edit', '2019-11-19 10:31:56', '成功', '菜单名称=数据开发;;;字段名称:菜单编号,旧值:tools,新值:data_development;;;字段名称:菜单名称,旧值:工具,新值:数据开发');
INSERT INTO `sys_operation_log` VALUES (1196617194188849154, '业务日志', '修改菜单', 1, 'cn.stylefeng.guns.modular.system.controller.MenuController', 'edit', '2019-11-19 10:32:26', '成功', '菜单名称=WebService接口;;;字段名称:菜单编号,旧值:ffk,新值:webservice;;;字段名称:菜单名称,旧值:方法库,新值:WebService接口;;;字段名称:url地址,旧值:/,新值:/webservice');
INSERT INTO `sys_operation_log` VALUES (1196617410401026049, '业务日志', '修改菜单', 1, 'cn.stylefeng.guns.modular.system.controller.MenuController', 'edit', '2019-11-19 10:33:17', '成功', '菜单名称=kafka集群管理;;;字段名称:菜单编号,旧值:alk,新值:kafka;;;字段名称:菜单名称,旧值:案例库,新值:kafka集群管理;;;字段名称:url地址,旧值:/,新值:/kafka');
INSERT INTO `sys_operation_log` VALUES (1201309208025296897, '业务日志', '修改菜单', 1, 'cn.stylefeng.guns.modular.system.controller.MenuController', 'edit', '2019-12-02 09:16:49', '成功', '菜单名称=情报;;;字段名称:菜单编号,旧值:data_development,新值:intelligence;;;字段名称:菜单名称,旧值:数据开发,新值:情报;;;字段名称:url地址,旧值:/,新值:/analysis');
INSERT INTO `sys_operation_log` VALUES (1201309258092703746, '业务日志', '删除菜单', 1, 'cn.stylefeng.guns.modular.system.controller.MenuController', 'remove', '2019-12-02 09:17:01', '成功', '菜单名称=WebService接口');
INSERT INTO `sys_operation_log` VALUES (1201309273506770945, '业务日志', '删除菜单', 1, 'cn.stylefeng.guns.modular.system.controller.MenuController', 'remove', '2019-12-02 09:17:05', '成功', '菜单名称=kafka集群管理');
INSERT INTO `sys_operation_log` VALUES (1201309382156021761, '业务日志', '菜单新增', 1, 'cn.stylefeng.guns.modular.system.controller.MenuController', 'add', '2019-12-02 09:17:31', '成功', '菜单名称=分析');
INSERT INTO `sys_operation_log` VALUES (1201309433255227393, '业务日志', '修改菜单', 1, 'cn.stylefeng.guns.modular.system.controller.MenuController', 'edit', '2019-12-02 09:17:43', '成功', '菜单名称=情报;;;字段名称:url地址,旧值:/analysis,新值:/intelligence');
INSERT INTO `sys_operation_log` VALUES (1201309553254264834, '业务日志', '菜单新增', 1, 'cn.stylefeng.guns.modular.system.controller.MenuController', 'add', '2019-12-02 09:18:11', '成功', '菜单名称=工具');
INSERT INTO `sys_operation_log` VALUES (1201309600029143042, '业务日志', '配置权限', 1, 'cn.stylefeng.guns.modular.system.controller.RoleController', 'setAuthority', '2019-12-02 09:18:23', '成功', '角色名称=超级管理员,资源名称=平台管理,用户管理,添加用户,修改用户,删除用户,重置密码,冻结用户,解除冻结用户,分配角色,分配角色跳转,编辑用户跳转,用户列表,角色管理,添加角色,修改角色,删除角色,配置权限,修改角色跳转,角色分配跳转,角色列表,菜单管理,添加菜单,修改菜单,删除菜单,菜单编辑跳转,菜单列表,部门管理,添加部门,修改部门,删除部门,修改部门跳转,部门列表,部门详情,字典管理,添加字典,修改字典,删除字典,修改菜单跳转,字典列表,字典详情,分词管理,数据管理,爬虫管理,平台管理,首页,数据,国内数据库,国际数据库,行业数据库,企业数据库,DICT数据库,市场数据库,情报,分析,工具');
INSERT INTO `sys_operation_log` VALUES (1202497560938352642, '业务日志', '修改菜单', 1, 'cn.stylefeng.guns.modular.system.controller.MenuController', 'edit', '2019-12-05 15:58:54', '成功', '菜单名称=工具;;;');
INSERT INTO `sys_operation_log` VALUES (1202500580447162370, '业务日志', '菜单新增', 1, 'cn.stylefeng.guns.modular.system.controller.MenuController', 'add', '2019-12-05 16:10:54', '成功', '菜单名称=方法库');
INSERT INTO `sys_operation_log` VALUES (1202500678732288001, '业务日志', '修改菜单', 1, 'cn.stylefeng.guns.modular.system.controller.MenuController', 'edit', '2019-12-05 16:11:18', '成功', '菜单名称=方法库;;;字段名称:菜单编号,旧值:case_lib,新值:method_lib');
INSERT INTO `sys_operation_log` VALUES (1202500752908554241, '业务日志', '菜单新增', 1, 'cn.stylefeng.guns.modular.system.controller.MenuController', 'add', '2019-12-05 16:11:36', '成功', '菜单名称=案例库');
INSERT INTO `sys_operation_log` VALUES (1202500798693576706, '业务日志', '配置权限', 1, 'cn.stylefeng.guns.modular.system.controller.RoleController', 'setAuthority', '2019-12-05 16:11:46', '成功', '角色名称=超级管理员,资源名称=平台管理,用户管理,添加用户,修改用户,删除用户,重置密码,冻结用户,解除冻结用户,分配角色,分配角色跳转,编辑用户跳转,用户列表,角色管理,添加角色,修改角色,删除角色,配置权限,修改角色跳转,角色分配跳转,角色列表,菜单管理,添加菜单,修改菜单,删除菜单,菜单编辑跳转,菜单列表,部门管理,添加部门,修改部门,删除部门,修改部门跳转,部门列表,部门详情,字典管理,添加字典,修改字典,删除字典,修改菜单跳转,字典列表,字典详情,分词管理,数据管理,爬虫管理,平台管理,首页,数据,国内数据库,国际数据库,行业数据库,企业数据库,DICT数据库,市场数据库,情报,分析,工具,方法库,案例库');

-- ----------------------------
-- Table structure for sys_relation
-- ----------------------------
DROP TABLE IF EXISTS `sys_relation`;
CREATE TABLE `sys_relation`  (
  `relation_id` bigint(20) NOT NULL COMMENT '主键',
  `menu_id` bigint(20) NULL DEFAULT NULL COMMENT '菜单id',
  `role_id` bigint(20) NULL DEFAULT NULL COMMENT '角色id',
  PRIMARY KEY (`relation_id`) USING BTREE
) ENGINE = InnoDB CHARACTER SET = utf8 COLLATE = utf8_bin COMMENT = '角色和菜单关联表' ROW_FORMAT = Compact;

-- ----------------------------
-- Records of sys_relation
-- ----------------------------
INSERT INTO `sys_relation` VALUES (1071348922291826689, 105, 5);
INSERT INTO `sys_relation` VALUES (1071348922308603906, 106, 5);
INSERT INTO `sys_relation` VALUES (1071348922316992514, 107, 5);
INSERT INTO `sys_relation` VALUES (1071348922321186818, 108, 5);
INSERT INTO `sys_relation` VALUES (1071348922329575426, 109, 5);
INSERT INTO `sys_relation` VALUES (1071348922337964034, 110, 5);
INSERT INTO `sys_relation` VALUES (1071348922342158337, 111, 5);
INSERT INTO `sys_relation` VALUES (1071348922350546946, 112, 5);
INSERT INTO `sys_relation` VALUES (1071348922354741249, 113, 5);
INSERT INTO `sys_relation` VALUES (1071348922363129858, 165, 5);
INSERT INTO `sys_relation` VALUES (1071348922371518465, 166, 5);
INSERT INTO `sys_relation` VALUES (1071348922375712770, 167, 5);
INSERT INTO `sys_relation` VALUES (1071348922384101377, 114, 5);
INSERT INTO `sys_relation` VALUES (1071348922388295681, 115, 5);
INSERT INTO `sys_relation` VALUES (1071348922396684289, 116, 5);
INSERT INTO `sys_relation` VALUES (1071348922405072897, 117, 5);
INSERT INTO `sys_relation` VALUES (1071348922413461505, 118, 5);
INSERT INTO `sys_relation` VALUES (1071348922417655810, 162, 5);
INSERT INTO `sys_relation` VALUES (1071348922426044418, 163, 5);
INSERT INTO `sys_relation` VALUES (1071348922430238722, 164, 5);
INSERT INTO `sys_relation` VALUES (1071348922430238723, 119, 5);
INSERT INTO `sys_relation` VALUES (1071348922447015937, 120, 5);
INSERT INTO `sys_relation` VALUES (1071348922451210242, 121, 5);
INSERT INTO `sys_relation` VALUES (1071348922459598850, 122, 5);
INSERT INTO `sys_relation` VALUES (1071348922463793154, 150, 5);
INSERT INTO `sys_relation` VALUES (1071348922472181762, 151, 5);
INSERT INTO `sys_relation` VALUES (1071348922476376065, 128, 5);
INSERT INTO `sys_relation` VALUES (1071348922480570369, 134, 5);
INSERT INTO `sys_relation` VALUES (1071348922488958977, 158, 5);
INSERT INTO `sys_relation` VALUES (1071348922497347586, 159, 5);
INSERT INTO `sys_relation` VALUES (1071348922501541890, 130, 5);
INSERT INTO `sys_relation` VALUES (1071348922501541891, 131, 5);
INSERT INTO `sys_relation` VALUES (1071348922518319106, 135, 5);
INSERT INTO `sys_relation` VALUES (1071348922526707713, 136, 5);
INSERT INTO `sys_relation` VALUES (1071348922530902017, 137, 5);
INSERT INTO `sys_relation` VALUES (1071348922535096321, 152, 5);
INSERT INTO `sys_relation` VALUES (1071348922543484930, 153, 5);
INSERT INTO `sys_relation` VALUES (1071348922547679233, 154, 5);
INSERT INTO `sys_relation` VALUES (1071348922556067841, 132, 5);
INSERT INTO `sys_relation` VALUES (1071348922560262146, 138, 5);
INSERT INTO `sys_relation` VALUES (1071348922564456450, 139, 5);
INSERT INTO `sys_relation` VALUES (1071348922568650754, 140, 5);
INSERT INTO `sys_relation` VALUES (1071348922577039361, 155, 5);
INSERT INTO `sys_relation` VALUES (1071348922577039362, 156, 5);
INSERT INTO `sys_relation` VALUES (1071348922577039363, 157, 5);
INSERT INTO `sys_relation` VALUES (1071348922602205185, 133, 5);
INSERT INTO `sys_relation` VALUES (1071348922610593794, 160, 5);
INSERT INTO `sys_relation` VALUES (1071348922610593795, 161, 5);
INSERT INTO `sys_relation` VALUES (1071348922618982402, 141, 5);
INSERT INTO `sys_relation` VALUES (1071348922627371009, 142, 5);
INSERT INTO `sys_relation` VALUES (1071348922631565313, 143, 5);
INSERT INTO `sys_relation` VALUES (1071348922639953922, 144, 5);
INSERT INTO `sys_relation` VALUES (1202500795581403138, 105, 1);
INSERT INTO `sys_relation` VALUES (1202500795581403139, 106, 1);
INSERT INTO `sys_relation` VALUES (1202500795581403140, 107, 1);
INSERT INTO `sys_relation` VALUES (1202500795740786690, 108, 1);
INSERT INTO `sys_relation` VALUES (1202500795740786691, 109, 1);
INSERT INTO `sys_relation` VALUES (1202500795740786692, 110, 1);
INSERT INTO `sys_relation` VALUES (1202500795740786693, 111, 1);
INSERT INTO `sys_relation` VALUES (1202500795740786694, 112, 1);
INSERT INTO `sys_relation` VALUES (1202500795740786695, 113, 1);
INSERT INTO `sys_relation` VALUES (1202500795740786696, 165, 1);
INSERT INTO `sys_relation` VALUES (1202500796055359489, 166, 1);
INSERT INTO `sys_relation` VALUES (1202500796080525313, 167, 1);
INSERT INTO `sys_relation` VALUES (1202500796101496834, 114, 1);
INSERT INTO `sys_relation` VALUES (1202500796118274050, 115, 1);
INSERT INTO `sys_relation` VALUES (1202500796118274051, 116, 1);
INSERT INTO `sys_relation` VALUES (1202500796156022786, 117, 1);
INSERT INTO `sys_relation` VALUES (1202500796172800002, 118, 1);
INSERT INTO `sys_relation` VALUES (1202500796172800003, 162, 1);
INSERT INTO `sys_relation` VALUES (1202500796172800004, 163, 1);
INSERT INTO `sys_relation` VALUES (1202500796172800005, 164, 1);
INSERT INTO `sys_relation` VALUES (1202500796244103170, 119, 1);
INSERT INTO `sys_relation` VALUES (1202500796244103171, 120, 1);
INSERT INTO `sys_relation` VALUES (1202500796244103172, 121, 1);
INSERT INTO `sys_relation` VALUES (1202500796244103173, 122, 1);
INSERT INTO `sys_relation` VALUES (1202500796462206977, 150, 1);
INSERT INTO `sys_relation` VALUES (1202500796483178497, 151, 1);
INSERT INTO `sys_relation` VALUES (1202500796483178498, 131, 1);
INSERT INTO `sys_relation` VALUES (1202500796516732930, 135, 1);
INSERT INTO `sys_relation` VALUES (1202500796529315841, 136, 1);
INSERT INTO `sys_relation` VALUES (1202500796541898754, 137, 1);
INSERT INTO `sys_relation` VALUES (1202500796558675970, 152, 1);
INSERT INTO `sys_relation` VALUES (1202500796579647490, 153, 1);
INSERT INTO `sys_relation` VALUES (1202500796579647491, 154, 1);
INSERT INTO `sys_relation` VALUES (1202500796579647492, 132, 1);
INSERT INTO `sys_relation` VALUES (1202500796579647493, 138, 1);
INSERT INTO `sys_relation` VALUES (1202500796650950658, 139, 1);
INSERT INTO `sys_relation` VALUES (1202500796650950659, 140, 1);
INSERT INTO `sys_relation` VALUES (1202500796684505090, 155, 1);
INSERT INTO `sys_relation` VALUES (1202500796684505091, 156, 1);
INSERT INTO `sys_relation` VALUES (1202500796722253825, 157, 1);
INSERT INTO `sys_relation` VALUES (1202500796743225345, 1192248628073250817, 1);
INSERT INTO `sys_relation` VALUES (1202500796755808258, 1192248716438847489, 1);
INSERT INTO `sys_relation` VALUES (1202500796801945602, 1192248797158227969, 1);
INSERT INTO `sys_relation` VALUES (1202500796822917122, 1192248880004120578, 1);
INSERT INTO `sys_relation` VALUES (1202500796839694337, 1191971805796061185, 1);
INSERT INTO `sys_relation` VALUES (1202500796864860162, 1191971884879663105, 1);
INSERT INTO `sys_relation` VALUES (1202500796877443073, 1192246711620255746, 1);
INSERT INTO `sys_relation` VALUES (1202500796894220290, 1192246782172643329, 1);
INSERT INTO `sys_relation` VALUES (1202500796894220291, 1192246849075986434, 1);
INSERT INTO `sys_relation` VALUES (1202500796936163330, 1192246926871937026, 1);
INSERT INTO `sys_relation` VALUES (1202500796936163331, 1192247069419552769, 1);
INSERT INTO `sys_relation` VALUES (1202500796936163332, 1192247151300755458, 1);
INSERT INTO `sys_relation` VALUES (1202500796936163333, 1192247753544089601, 1);
INSERT INTO `sys_relation` VALUES (1202500796994883585, 1201309382055358465, 1);
INSERT INTO `sys_relation` VALUES (1202500796994883586, 1201309553149407234, 1);
INSERT INTO `sys_relation` VALUES (1202500796994883587, 1202500580447162369, 1);
INSERT INTO `sys_relation` VALUES (1202500797049409538, 1202500752812085250, 1);

-- ----------------------------
-- Table structure for sys_role
-- ----------------------------
DROP TABLE IF EXISTS `sys_role`;
CREATE TABLE `sys_role`  (
  `role_id` bigint(20) NOT NULL COMMENT '主键id',
  `pid` bigint(20) NULL DEFAULT NULL COMMENT '父角色id',
  `name` varchar(255) CHARACTER SET utf8 COLLATE utf8_bin NULL DEFAULT NULL COMMENT '角色名称',
  `description` varchar(255) CHARACTER SET utf8 COLLATE utf8_bin NULL DEFAULT NULL COMMENT '提示',
  `sort` int(11) NULL DEFAULT NULL COMMENT '序号',
  `version` int(11) NULL DEFAULT NULL COMMENT '乐观锁',
  `create_time` datetime(0) NULL DEFAULT NULL COMMENT '创建时间',
  `update_time` datetime(0) NULL DEFAULT NULL COMMENT '修改时间',
  `create_user` bigint(20) NULL DEFAULT NULL COMMENT '创建用户',
  `update_user` bigint(20) NULL DEFAULT NULL COMMENT '修改用户',
  PRIMARY KEY (`role_id`) USING BTREE
) ENGINE = InnoDB CHARACTER SET = utf8 COLLATE = utf8_bin COMMENT = '角色表' ROW_FORMAT = Compact;

-- ----------------------------
-- Records of sys_role
-- ----------------------------
INSERT INTO `sys_role` VALUES (1, 0, '超级管理员', 'administrator', 1, 1, NULL, NULL, NULL, NULL);
INSERT INTO `sys_role` VALUES (5, 1, '临时', 'temp', 2, NULL, NULL, NULL, NULL, NULL);

-- ----------------------------
-- Table structure for sys_user
-- ----------------------------
DROP TABLE IF EXISTS `sys_user`;
CREATE TABLE `sys_user`  (
  `user_id` bigint(20) NOT NULL COMMENT '主键id',
  `avatar` varchar(255) CHARACTER SET utf8 COLLATE utf8_bin NULL DEFAULT NULL COMMENT '头像',
  `account` varchar(45) CHARACTER SET utf8 COLLATE utf8_bin NULL DEFAULT NULL COMMENT '账号',
  `password` varchar(45) CHARACTER SET utf8 COLLATE utf8_bin NULL DEFAULT NULL COMMENT '密码',
  `salt` varchar(45) CHARACTER SET utf8 COLLATE utf8_bin NULL DEFAULT NULL COMMENT 'md5密码盐',
  `name` varchar(45) CHARACTER SET utf8 COLLATE utf8_bin NULL DEFAULT NULL COMMENT '名字',
  `birthday` datetime(0) NULL DEFAULT NULL COMMENT '生日',
  `sex` varchar(32) CHARACTER SET utf8 COLLATE utf8_bin NULL DEFAULT NULL COMMENT '性别(字典)',
  `email` varchar(45) CHARACTER SET utf8 COLLATE utf8_bin NULL DEFAULT NULL COMMENT '电子邮件',
  `phone` varchar(45) CHARACTER SET utf8 COLLATE utf8_bin NULL DEFAULT NULL COMMENT '电话',
  `role_id` varchar(255) CHARACTER SET utf8 COLLATE utf8_bin NULL DEFAULT NULL COMMENT '角色id(多个逗号隔开)',
  `dept_id` bigint(20) NULL DEFAULT NULL COMMENT '部门id(多个逗号隔开)',
  `status` varchar(32) CHARACTER SET utf8 COLLATE utf8_bin NULL DEFAULT NULL COMMENT '状态(字典)',
  `create_time` datetime(0) NULL DEFAULT NULL COMMENT '创建时间',
  `create_user` bigint(20) NULL DEFAULT NULL COMMENT '创建人',
  `update_time` datetime(0) NULL DEFAULT NULL COMMENT '更新时间',
  `update_user` bigint(20) NULL DEFAULT NULL COMMENT '更新人',
  `version` int(11) NULL DEFAULT NULL COMMENT '乐观锁',
  PRIMARY KEY (`user_id`) USING BTREE
) ENGINE = InnoDB CHARACTER SET = utf8 COLLATE = utf8_bin COMMENT = '管理员表' ROW_FORMAT = Compact;

-- ----------------------------
-- Records of sys_user
-- ----------------------------
INSERT INTO `sys_user` VALUES (1, '1', 'admin', '1d6b1208c7d151d335790276a18e3d99', 'q6taw', 'admin', '2018-11-16 00:00:00', 'M', 'admin@qq.com', '18200000000', '1', 1191286185426980865, 'ENABLE', '2016-01-29 08:49:53', NULL, '2019-11-06 14:18:09', 24, 25);

SET FOREIGN_KEY_CHECKS = 1;
